<?xml version="1.0" ?>
<rdf:RDF xmlns:dc="http://purl.org/dc/elements/1.1/" xmlns:dcndl="http://ndl.go.jp/dcndl/terms/" xmlns:dcterms="http://purl.org/dc/terms/" xmlns:foaf="http://xmlns.com/foaf/0.1/" xmlns:rcgs="https://collection.rcgs.jp/terms/" xmlns:rdf="http://www.w3.org/1999/02/22-rdf-syntax-ns#" xmlns:rdfs="http://www.w3.org/2000/01/rdf-schema#" xmlns:schema="http://schema.org/" xmlns:skos="http://www.w3.org/2004/02/skos/core#">
  <rcgs:ContentRating rdf:about="https://collection.rcgs.jp/resource/RATING0000001">
    <dcterms:title>CERO A (全年齢対象)</dcterms:title>
    <rdfs:label>CERO A (全年齢対象)</rdfs:label>
    <skos:prefLabel xml:lang="ja">CERO A (全年齢対象)</skos:prefLabel>
    <skos:altLabel>CERO A (All Age)</skos:altLabel>
    <skos:altLabel>CERO A (전연령 대상)</skos:altLabel>
    <dcterms:spatial>日本</dcterms:spatial>
    <rcgs:wikidataID>https://www.wikidata.org/wiki/Special:EntityData/Q14870285</rcgs:wikidataID>
    <rdfs:seeAlso>http://www.cero.gr.jp</rdfs:seeAlso>
    <dcterms:date rdf:datatype="http://purl.org/dc/terms/W3CDTF">2006-03</dcterms:date>
    <dcndl:location>東京都千代田区</dcndl:location>
    <dcterms:publisher rdf:resource="https://collection.rcgs.jp/resource/AGENT0003271"/>
    <dc:publisher>コンピュータエンターテインメントレーティング機構</dc:publisher>
    <schema:logo>https://upload.wikimedia.org/wikipedia/commons/8/8e/CERO_A.svg</schema:logo>
    <dcterms:source>http://www.cero.gr.jp/publics/index/17/ (accessed 2019-02-13)</dcterms:source>
    <dcterms:source>Wikipedia. https://ja.wikipedia.org/wiki/コンピュータエンターテインメントレーティング機構 (accessed 2019-02-13)</dcterms:source>
  </rcgs:ContentRating>
  <rcgs:ContentRating rdf:about="https://collection.rcgs.jp/resource/RATING0000002">
    <dcterms:title>CERO B (12才以上対象)</dcterms:title>
    <rdfs:label>CERO B (12才以上対象)</rdfs:label>
    <skos:prefLabel xml:lang="ja">CERO B (12才以上対象)</skos:prefLabel>
    <skos:altLabel>CERO B (Ages 12 and up)</skos:altLabel>
    <skos:altLabel>CERO B (12세 이상 대상)</skos:altLabel>
    <dcterms:spatial>日本</dcterms:spatial>
    <rcgs:wikidataID>https://www.wikidata.org/wiki/Special:EntityData/Q14870286</rcgs:wikidataID>
    <rdfs:seeAlso>http://www.cero.gr.jp</rdfs:seeAlso>
    <dcterms:date rdf:datatype="http://purl.org/dc/terms/W3CDTF">2006-03</dcterms:date>
    <dcndl:location>東京都千代田区</dcndl:location>
    <dcterms:publisher rdf:resource="https://collection.rcgs.jp/resource/AGENT0003271"/>
    <dc:publisher>コンピュータエンターテインメントレーティング機構</dc:publisher>
    <schema:logo>https://upload.wikimedia.org/wikipedia/commons/b/b0/CERO_B.svg</schema:logo>
    <dcterms:source>http://www.cero.gr.jp/publics/index/17/ (accessed 2019-02-13)</dcterms:source>
    <dcterms:source>Wikipedia. https://ja.wikipedia.org/wiki/コンピュータエンターテインメントレーティング機構 (accessed 2019-02-13)</dcterms:source>
  </rcgs:ContentRating>
  <rcgs:ContentRating rdf:about="https://collection.rcgs.jp/resource/RATING0000003">
    <dcterms:title>CERO C (15才以上対象)</dcterms:title>
    <rdfs:label>CERO C (15才以上対象)</rdfs:label>
    <skos:prefLabel xml:lang="ja">CERO C (15才以上対象)</skos:prefLabel>
    <skos:altLabel>CERO C (Ages 15 and up)</skos:altLabel>
    <dcterms:spatial>日本</dcterms:spatial>
    <rcgs:wikidataID>https://www.wikidata.org/wiki/Special:EntityData/Q14400537</rcgs:wikidataID>
    <rdfs:seeAlso>http://www.cero.gr.jp</rdfs:seeAlso>
    <dcterms:date rdf:datatype="http://purl.org/dc/terms/W3CDTF">2006-03</dcterms:date>
    <dcndl:location>東京都千代田区</dcndl:location>
    <dcterms:publisher rdf:resource="https://collection.rcgs.jp/resource/AGENT0003271"/>
    <dc:publisher>コンピュータエンターテインメントレーティング機構</dc:publisher>
    <schema:logo>https://upload.wikimedia.org/wikipedia/commons/e/e9/CERO_C.svg</schema:logo>
    <dcterms:source>http://www.cero.gr.jp/publics/index/17/ (accessed 2019-02-13)</dcterms:source>
    <dcterms:source>Wikipedia. https://ja.wikipedia.org/wiki/コンピュータエンターテインメントレーティング機構 (accessed 2019-02-13)</dcterms:source>
  </rcgs:ContentRating>
  <rcgs:ContentRating rdf:about="https://collection.rcgs.jp/resource/RATING0000004">
    <dcterms:title>CERO D (17才以上対象)</dcterms:title>
    <rdfs:label>CERO D (17才以上対象)</rdfs:label>
    <skos:prefLabel xml:lang="ja">CERO D (17才以上対象)</skos:prefLabel>
    <skos:altLabel>CERO D (Ages 17 and up)</skos:altLabel>
    <dcterms:spatial>日本</dcterms:spatial>
    <rcgs:wikidataID>https://www.wikidata.org/wiki/Special:EntityData/Q14400539</rcgs:wikidataID>
    <rdfs:seeAlso>http://www.cero.gr.jp</rdfs:seeAlso>
    <dcterms:date rdf:datatype="http://purl.org/dc/terms/W3CDTF">2006-03</dcterms:date>
    <dcndl:location>東京都千代田区</dcndl:location>
    <dcterms:publisher rdf:resource="https://collection.rcgs.jp/resource/AGENT0003271"/>
    <dc:publisher>コンピュータエンターテインメントレーティング機構</dc:publisher>
    <schema:logo>https://upload.wikimedia.org/wikipedia/commons/8/8a/CERO_D.png</schema:logo>
    <dcterms:source>http://www.cero.gr.jp/publics/index/17/ (accessed 2019-02-13)</dcterms:source>
    <dcterms:source>Wikipedia. https://ja.wikipedia.org/wiki/コンピュータエンターテインメントレーティング機構 (accessed 2019-02-13)</dcterms:source>
  </rcgs:ContentRating>
  <rcgs:ContentRating rdf:about="https://collection.rcgs.jp/resource/RATING0000005">
    <dcterms:title>CERO Z (18才以上のみ対象)</dcterms:title>
    <rdfs:label>CERO Z (18才以上のみ対象)</rdfs:label>
    <skos:prefLabel xml:lang="ja">CERO Z (18才以上のみ対象)</skos:prefLabel>
    <skos:altLabel>CERO Z  (Ages 18 and up)</skos:altLabel>
    <dcterms:spatial>日本</dcterms:spatial>
    <rcgs:wikidataID>https://www.wikidata.org/wiki/Special:EntityData/Q14870299</rcgs:wikidataID>
    <rdfs:seeAlso>http://www.cero.gr.jp</rdfs:seeAlso>
    <dcterms:date rdf:datatype="http://purl.org/dc/terms/W3CDTF">2006-03</dcterms:date>
    <dcndl:location>東京都千代田区</dcndl:location>
    <dcterms:publisher rdf:resource="https://collection.rcgs.jp/resource/AGENT0003271"/>
    <dc:publisher>コンピュータエンターテインメントレーティング機構</dc:publisher>
    <schema:logo>https://upload.wikimedia.org/wikipedia/commons/4/47/CERO_Z.svg</schema:logo>
    <dcterms:source>http://www.cero.gr.jp/publics/index/17/ (accessed 2019-02-13)</dcterms:source>
    <dcterms:source>Wikipedia. https://ja.wikipedia.org/wiki/コンピュータエンターテインメントレーティング機構 (accessed 2019-02-13)</dcterms:source>
  </rcgs:ContentRating>
  <rcgs:ContentRating rdf:about="https://collection.rcgs.jp/resource/RATING0000006">
    <dcterms:title>CERO 全年齢</dcterms:title>
    <rdfs:label>CERO 全年齢</rdfs:label>
    <skos:prefLabel xml:lang="ja">CERO 全年齢</skos:prefLabel>
    <dcterms:spatial>日本</dcterms:spatial>
    <rdfs:seeAlso>http://www.cero.gr.jp</rdfs:seeAlso>
    <dcterms:date rdf:datatype="http://purl.org/dc/terms/W3CDTF">2002</dcterms:date>
    <dcndl:location>東京都千代田区</dcndl:location>
    <dcterms:publisher rdf:resource="https://collection.rcgs.jp/resource/AGENT0003271"/>
    <dc:publisher>コンピュータエンターテインメントレーティング機構</dc:publisher>
    <schema:logo>https://upload.wikimedia.org/wikipedia/commons/2/21/CERO_free.svg</schema:logo>
    <dcterms:source>http://www.cero.gr.jp/publics/index/17/ (accessed 2019-02-13)</dcterms:source>
    <dcterms:source>Wikipedia. https://ja.wikipedia.org/wiki/コンピュータエンターテインメントレーティング機構 (accessed 2019-02-13)</dcterms:source>
  </rcgs:ContentRating>
  <rcgs:ContentRating rdf:about="https://collection.rcgs.jp/resource/RATING0000007">
    <dcterms:title>CERO 12</dcterms:title>
    <rdfs:label>CERO 12</rdfs:label>
    <skos:prefLabel xml:lang="ja">CERO 12</skos:prefLabel>
    <dcterms:spatial>日本</dcterms:spatial>
    <rdfs:seeAlso>http://www.cero.gr.jp</rdfs:seeAlso>
    <dcterms:date rdf:datatype="http://purl.org/dc/terms/W3CDTF">2002</dcterms:date>
    <dcndl:location>東京都千代田区</dcndl:location>
    <dcterms:publisher rdf:resource="https://collection.rcgs.jp/resource/AGENT0003271"/>
    <dc:publisher>コンピュータエンターテインメントレーティング機構</dc:publisher>
    <schema:logo>https://upload.wikimedia.org/wikipedia/commons/9/9f/CERO_12.svg</schema:logo>
    <dcterms:source>http://www.cero.gr.jp/publics/index/17/ (accessed 2019-02-13)</dcterms:source>
    <dcterms:source>Wikipedia. https://ja.wikipedia.org/wiki/コンピュータエンターテインメントレーティング機構 (accessed 2019-02-13)</dcterms:source>
  </rcgs:ContentRating>
  <rcgs:ContentRating rdf:about="https://collection.rcgs.jp/resource/RATING0000008">
    <dcterms:title>CERO 15</dcterms:title>
    <rdfs:label>CERO 15</rdfs:label>
    <skos:prefLabel xml:lang="ja">CERO 15</skos:prefLabel>
    <dcterms:spatial>日本</dcterms:spatial>
    <rdfs:seeAlso>http://www.cero.gr.jp</rdfs:seeAlso>
    <dcterms:date rdf:datatype="http://purl.org/dc/terms/W3CDTF">2002</dcterms:date>
    <dcndl:location>東京都千代田区</dcndl:location>
    <dcterms:publisher rdf:resource="https://collection.rcgs.jp/resource/AGENT0003271"/>
    <dc:publisher>コンピュータエンターテインメントレーティング機構</dc:publisher>
    <schema:logo>https://upload.wikimedia.org/wikipedia/commons/9/9b/CERO_15.svg</schema:logo>
    <dcterms:source>http://www.cero.gr.jp/publics/index/17/ (accessed 2019-02-13)</dcterms:source>
    <dcterms:source>Wikipedia. https://ja.wikipedia.org/wiki/コンピュータエンターテインメントレーティング機構 (accessed 2019-02-13)</dcterms:source>
  </rcgs:ContentRating>
  <rcgs:ContentRating rdf:about="https://collection.rcgs.jp/resource/RATING0000009">
    <dcterms:title>CERO 18</dcterms:title>
    <rdfs:label>CERO 18</rdfs:label>
    <skos:prefLabel xml:lang="ja">CERO 18</skos:prefLabel>
    <dcterms:spatial>日本</dcterms:spatial>
    <rdfs:seeAlso>http://www.cero.gr.jp</rdfs:seeAlso>
    <dcterms:date rdf:datatype="http://purl.org/dc/terms/W3CDTF">2002</dcterms:date>
    <dcndl:location>東京都千代田区</dcndl:location>
    <dcterms:publisher rdf:resource="https://collection.rcgs.jp/resource/AGENT0003271"/>
    <dc:publisher>コンピュータエンターテインメントレーティング機構</dc:publisher>
    <schema:logo>https://upload.wikimedia.org/wikipedia/commons/d/d3/CERO_18.svg</schema:logo>
    <dcterms:source>http://www.cero.gr.jp/publics/index/17/ (accessed 2019-02-13)</dcterms:source>
    <dcterms:source>Wikipedia. https://ja.wikipedia.org/wiki/コンピュータエンターテインメントレーティング機構 (accessed 2019-02-13)</dcterms:source>
  </rcgs:ContentRating>
  <rcgs:ContentRating rdf:about="https://collection.rcgs.jp/resource/RATING0000010">
    <dcterms:title>18才未満お断り (コンピュータソフトウェア倫理機構)</dcterms:title>
    <rdfs:label>18才未満お断り (コンピュータソフトウェア倫理機構)</rdfs:label>
    <skos:prefLabel xml:lang="ja">18才未満お断り (コンピュータソフトウェア倫理機構)</skos:prefLabel>
    <skos:altLabel>18 才未満者への販売禁止ソフト作品</skos:altLabel>
    <skos:altLabel>18才未満販売禁止</skos:altLabel>
    <skos:altLabel>18 禁</skos:altLabel>
    <dcterms:spatial>日本</dcterms:spatial>
    <rdfs:seeAlso>http://www.sofurin.org/</rdfs:seeAlso>
    <dcterms:date rdf:datatype="http://purl.org/dc/terms/W3CDTF">1992</dcterms:date>
    <dcndl:location>東京都港区</dcndl:location>
    <dcterms:publisher rdf:resource="https://collection.rcgs.jp/resource/AGENT0003272"/>
    <dc:publisher>コンピュータソフトウェア倫理機構</dc:publisher>
    <dcterms:description>一般社団法人コンピュータソフトウェア倫理機構 (Ethics Organization of Computer Software: EOCS)によるレーティングである。</dcterms:description>
    <skos:note>ホームページの説明文では「【１８才未満者への販売禁止ソフト作品（１８禁作品）】」と表記される。</skos:note>
    <dcterms:source>http://www.sofurin.org/htm/about/rating.htm (accessed 2019-02-13)</dcterms:source>
    <dcterms:source>Wikipedia. https://ja.wikipedia.org/wiki/コンピュータソフトウェア倫理機構 (accessed 2019-02-13)</dcterms:source>
    <dcterms:source>Wikipedia. https://ja.wikipedia.org/wiki/コンピュータゲームのレイティングシステム (accessed 2019-02-13)</dcterms:source>
  </rcgs:ContentRating>
  <rcgs:ContentRating rdf:about="https://collection.rcgs.jp/resource/RATING0000011">
    <dcterms:title>15才未満お断り (コンピュータソフトウェア倫理機構)</dcterms:title>
    <rdfs:label>15才未満お断り (コンピュータソフトウェア倫理機構)</rdfs:label>
    <skos:prefLabel xml:lang="ja">15才未満お断り (コンピュータソフトウェア倫理機構)</skos:prefLabel>
    <skos:altLabel>一般ソフト作品制限付</skos:altLabel>
    <skos:altLabel>R 指定 (15歳未満への販売禁止)</skos:altLabel>
    <dcterms:spatial>日本</dcterms:spatial>
    <rdfs:seeAlso>http://www.sofurin.org/</rdfs:seeAlso>
    <dcterms:date rdf:datatype="http://purl.org/dc/terms/W3CDTF">1994-06</dcterms:date>
    <dcndl:location>東京都港区</dcndl:location>
    <dcterms:publisher rdf:resource="https://collection.rcgs.jp/resource/AGENT0003272"/>
    <dc:publisher>コンピュータソフトウェア倫理機構</dc:publisher>
    <dcterms:description>一般社団法人コンピュータソフトウェア倫理機構 (Ethics Organization of Computer Software)は、略称: EOCSやソフ倫にあたる。R指定は、コンピュータソフトにおける一般ソフト作品制限付の略称にあたる。
</dcterms:description>
    <dcterms:source>http://www.sofurin.org/htm/about/rating.htm (accessed 2019-02-13)</dcterms:source>
    <dcterms:source>Wikipedia. https://ja.wikipedia.org/wiki/コンピュータソフトウェア倫理機構 (accessed 2019-02-13)</dcterms:source>
    <dcterms:source>Wikipedia. https://ja.wikipedia.org/wiki/コンピュータゲームのレイティングシステム (accessed 2019-02-13)</dcterms:source>
  </rcgs:ContentRating>
  <rcgs:ContentRating rdf:about="https://collection.rcgs.jp/resource/RATING0000012">
    <dcterms:title>EOCS 審査済 一般ソフトウェア General Softwere 15歳以上推奨 (コンピュータソフトウェア倫理機構)</dcterms:title>
    <rdfs:label>EOCS 審査済 一般ソフトウェア General Softwere 15歳以上推奨 (コンピュータソフトウェア倫理機構)</rdfs:label>
    <skos:prefLabel xml:lang="ja">EOCS 審査済 一般ソフトウェア General Softwere 15歳以上推奨 (コンピュータソフトウェア倫理機構)</skos:prefLabel>
    <skos:altLabel>一般ソフト作品 (15歳以上推奨作品)</skos:altLabel>
    <skos:altLabel>一般ソフトウェア 15歳以上推奨</skos:altLabel>
    <skos:altLabel>15歳以上推奨</skos:altLabel>
    <dcterms:spatial>日本</dcterms:spatial>
    <rdfs:seeAlso>http://www.sofurin.org/</rdfs:seeAlso>
    <dcterms:date rdf:datatype="http://purl.org/dc/terms/W3CDTF">2011-10-01</dcterms:date>
    <dcndl:location>東京都港区</dcndl:location>
    <dcterms:publisher rdf:resource="https://collection.rcgs.jp/resource/AGENT0003272"/>
    <dc:publisher>コンピュータソフトウェア倫理機構</dc:publisher>
    <dcterms:source>http://www.sofurin.org/htm/about/rating.htm (accessed 2019-02-13)</dcterms:source>
    <dcterms:source>Wikipedia. https://ja.wikipedia.org/wiki/コンピュータソフトウェア倫理機構 (accessed 2019-02-13)</dcterms:source>
    <dcterms:source>Wikipedia. https://ja.wikipedia.org/wiki/コンピュータゲームのレイティングシステム (accessed 2019-02-13)</dcterms:source>
  </rcgs:ContentRating>
  <rcgs:ContentRating rdf:about="https://collection.rcgs.jp/resource/RATING0000013">
    <dcterms:title>EOCS 審査済 一般ソフトウェア General Softwere 12歳以上推奨 (コンピュータソフトウェア倫理機構)</dcterms:title>
    <rdfs:label>EOCS 審査済 一般ソフトウェア General Softwere 12歳以上推奨 (コンピュータソフトウェア倫理機構)</rdfs:label>
    <skos:prefLabel xml:lang="ja">EOCS 審査済 一般ソフトウェア General Softwere 12歳以上推奨 (コンピュータソフトウェア倫理機構)</skos:prefLabel>
    <skos:altLabel>一般ソフト作品 (12歳以上推奨作品)</skos:altLabel>
    <skos:altLabel>一般ソフトウェア 12歳以上推奨</skos:altLabel>
    <skos:altLabel>12歳以上推奨</skos:altLabel>
    <dcterms:spatial>日本</dcterms:spatial>
    <rdfs:seeAlso>http://www.sofurin.org/</rdfs:seeAlso>
    <dcterms:date rdf:datatype="http://purl.org/dc/terms/W3CDTF">2011-10-01</dcterms:date>
    <dcndl:location>東京都港区</dcndl:location>
    <dcterms:publisher rdf:resource="https://collection.rcgs.jp/resource/AGENT0003272"/>
    <dc:publisher>コンピュータソフトウェア倫理機構</dc:publisher>
    <dcterms:description>現物表記では「12 歳以上推奨」とあるが、アクセス制限では「12 才以上対象」で統一している。</dcterms:description>
    <dcterms:source>http://www.sofurin.org/htm/about/rating.htm (accessed 2019-02-13)</dcterms:source>
    <dcterms:source>Wikipedia. https://ja.wikipedia.org/wiki/コンピュータソフトウェア倫理機構 (accessed 2019-02-13)</dcterms:source>
    <dcterms:source>Wikipedia. https://ja.wikipedia.org/wiki/コンピュータゲームのレイティングシステム (accessed 2019-02-13)</dcterms:source>
  </rcgs:ContentRating>
  <rcgs:ContentRating rdf:about="https://collection.rcgs.jp/resource/RATING0000014">
    <dcterms:title>EOCS 審査済 (コンピュータソフトウェア倫理機構)</dcterms:title>
    <rdfs:label>EOCS 審査済 (コンピュータソフトウェア倫理機構)</rdfs:label>
    <skos:prefLabel xml:lang="ja">EOCS 審査済 (コンピュータソフトウェア倫理機構)</skos:prefLabel>
    <skos:altLabel>一般ソフト作品 (全年齢対象作品)</skos:altLabel>
    <skos:altLabel>一般作品</skos:altLabel>
    <dcterms:spatial>日本</dcterms:spatial>
    <rdfs:seeAlso>http://www.sofurin.org/</rdfs:seeAlso>
    <dcterms:date rdf:datatype="http://purl.org/dc/terms/W3CDTF">2011-10-01</dcterms:date>
    <dcndl:location>東京都港区</dcndl:location>
    <dcterms:publisher rdf:resource="https://collection.rcgs.jp/resource/AGENT0003272"/>
    <dc:publisher>コンピュータソフトウェア倫理機構</dc:publisher>
    <dcterms:source>http://www.sofurin.org/htm/about/rating.htm (accessed 2019-02-13)</dcterms:source>
    <dcterms:source>Wikipedia. https://ja.wikipedia.org/wiki/コンピュータソフトウェア倫理機構 (accessed 2019-02-13)</dcterms:source>
    <dcterms:source>Wikipedia. https://ja.wikipedia.org/wiki/コンピュータゲームのレイティングシステム (accessed 2019-02-13)</dcterms:source>
  </rcgs:ContentRating>
  <rcgs:ContentRating rdf:about="https://collection.rcgs.jp/resource/RATING0000016">
    <dcterms:title>推奨年齢 全年齢</dcterms:title>
    <rdfs:label>推奨年齢 全年齢</rdfs:label>
    <skos:prefLabel xml:lang="ja">推奨年齢 全年齢</skos:prefLabel>
  </rcgs:ContentRating>
  <rcgs:ContentRating rdf:about="https://collection.rcgs.jp/resource/RATING0000017">
    <dcterms:title>推奨年齢 18才以上</dcterms:title>
    <rdfs:label>推奨年齢 18才以上</rdfs:label>
    <skos:prefLabel xml:lang="ja">推奨年齢 18才以上</skos:prefLabel>
  </rcgs:ContentRating>
  <rcgs:ContentRating rdf:about="https://collection.rcgs.jp/resource/RATING0000018">
    <dcterms:title>推奨年齢 年齢制限 18才以上</dcterms:title>
    <rdfs:label>推奨年齢 年齢制限 18才以上</rdfs:label>
    <skos:prefLabel xml:lang="ja">推奨年齢 年齢制限 18才以上</skos:prefLabel>
  </rcgs:ContentRating>
  <rcgs:ContentRating rdf:about="https://collection.rcgs.jp/resource/RATING0000020">
    <dcterms:title>一般 (15歳以上推奨)</dcterms:title>
    <rdfs:label>一般 (15歳以上推奨)</rdfs:label>
    <skos:prefLabel xml:lang="ja">一般 (15歳以上推奨)</skos:prefLabel>
  </rcgs:ContentRating>
  <rcgs:ContentRating rdf:about="https://collection.rcgs.jp/resource/RATING0000021">
    <dcterms:title>3</dcterms:title>
    <rdfs:label>3</rdfs:label>
    <skos:prefLabel xml:lang="ja">PEGI 3</skos:prefLabel>
    <skos:altLabel>3才以上対象</skos:altLabel>
    <dcterms:spatial>Europe ; Israel</dcterms:spatial>
    <rdfs:seeAlso>https://pegi.info/</rdfs:seeAlso>
    <dcterms:date rdf:datatype="http://purl.org/dc/terms/W3CDTF">2009-08</dcterms:date>
    <dcndl:location>Brussels, Belgium</dcndl:location>
    <dcterms:publisher rdf:resource="https://collection.rcgs.jp/resource/AGENT0003273"/>
    <dc:publisher>Pan European Game Information</dc:publisher>
    <schema:logo>https://upload.wikimedia.org/wikipedia/commons/2/2c/PEGI_3.svg</schema:logo>
    <skos:note>地理的範囲は主にヨーロッパ圏内であり、Wikipediaによれば、「ドイツを除くEU加盟国とリヒテンシュタインを除く欧州自由貿易連合（EFTA）加盟国を中心に、計31か国がPEGIのレイティングを採用している」とある。</skos:note>
    <dcterms:source>Wikipedia. https://en.wikipedia.org/wiki/Pan_European_Game_Information (accessed 2019-02-15)</dcterms:source>
    <dcterms:source>https://pegi.info/page/what-do-labels-mean</dcterms:source>
    <dcterms:source>Wikipedia. https://ja.wikipedia.org/wiki/汎欧州ゲーム情報 (accessed 2019-02-15)</dcterms:source>
  </rcgs:ContentRating>
  <rcgs:ContentRating rdf:about="https://collection.rcgs.jp/resource/RATING0000022">
    <dcterms:title>3+</dcterms:title>
    <rdfs:label>3+</rdfs:label>
    <skos:prefLabel xml:lang="ja">PEGI 3+</skos:prefLabel>
    <skos:altLabel>3才以上対象</skos:altLabel>
    <dcterms:spatial>Europe ; Israel</dcterms:spatial>
    <rdfs:seeAlso>https://pegi.info/</rdfs:seeAlso>
    <dcterms:date rdf:datatype="http://purl.org/dc/terms/W3CDTF">2003</dcterms:date>
    <dcndl:location>Brussels, Belgium</dcndl:location>
    <dcterms:publisher rdf:resource="https://collection.rcgs.jp/resource/AGENT0003273"/>
    <dc:publisher>Pan European Game Information</dc:publisher>
    <schema:logo>https://upload.wikimedia.org/wikipedia/commons/1/1c/PEGI_3_annotated_%282003-2009%29.svg</schema:logo>
    <dcterms:source>Wikipedia. https://en.wikipedia.org/wiki/Pan_European_Game_Information (accessed 2019-02-15)</dcterms:source>
    <dcterms:source>https://pegi.info/page/what-do-labels-mean</dcterms:source>
    <dcterms:source>Wikipedia. https://ja.wikipedia.org/wiki/汎欧州ゲーム情報 (accessed 2019-02-15)</dcterms:source>
  </rcgs:ContentRating>
  <rcgs:ContentRating rdf:about="https://collection.rcgs.jp/resource/RATING0000023">
    <dcterms:title>12</dcterms:title>
    <rdfs:label>12</rdfs:label>
    <skos:prefLabel xml:lang="ja">PEGI 12</skos:prefLabel>
    <skos:altLabel>12才以上対象</skos:altLabel>
    <dcterms:spatial>Europe ; Israel</dcterms:spatial>
    <rdfs:seeAlso>https://pegi.info/</rdfs:seeAlso>
    <dcterms:date rdf:datatype="http://purl.org/dc/terms/W3CDTF">2009-08</dcterms:date>
    <dcndl:location>Brussels, Belgium</dcndl:location>
    <dcterms:publisher rdf:resource="https://collection.rcgs.jp/resource/AGENT0003273"/>
    <dc:publisher>Pan European Game Information</dc:publisher>
    <schema:logo>https://upload.wikimedia.org/wikipedia/commons/4/44/PEGI_12.svg</schema:logo>
    <dcterms:source>Wikipedia. https://en.wikipedia.org/wiki/Pan_European_Game_Information (accessed 2019-02-15)</dcterms:source>
    <dcterms:source>https://pegi.info/page/what-do-labels-mean</dcterms:source>
    <dcterms:source>Wikipedia. https://ja.wikipedia.org/wiki/汎欧州ゲーム情報 (accessed 2019-02-15)</dcterms:source>
  </rcgs:ContentRating>
  <rcgs:ContentRating rdf:about="https://collection.rcgs.jp/resource/RATING0000024">
    <dcterms:title>12+</dcterms:title>
    <rdfs:label>12+</rdfs:label>
    <skos:prefLabel xml:lang="ja">PEGI 12+</skos:prefLabel>
    <skos:altLabel>12才以上対象</skos:altLabel>
    <dcterms:spatial>Europe ; Israel</dcterms:spatial>
    <rdfs:seeAlso>https://pegi.info/</rdfs:seeAlso>
    <dcterms:date rdf:datatype="http://purl.org/dc/terms/W3CDTF">2003</dcterms:date>
    <dcndl:location>Brussels, Belgium</dcndl:location>
    <dcterms:publisher rdf:resource="https://collection.rcgs.jp/resource/AGENT0003273"/>
    <dc:publisher>Pan European Game Information</dc:publisher>
    <schema:logo>https://upload.wikimedia.org/wikipedia/commons/3/38/PEGI_12_annotated_%282003-2009%29.svg</schema:logo>
    <dcterms:source>Wikipedia. https://en.wikipedia.org/wiki/Pan_European_Game_Information (accessed 2019-02-15)</dcterms:source>
    <dcterms:source>https://pegi.info/page/what-do-labels-mean</dcterms:source>
    <dcterms:source>Wikipedia. https://ja.wikipedia.org/wiki/汎欧州ゲーム情報 (accessed 2019-02-15)</dcterms:source>
  </rcgs:ContentRating>
  <rcgs:ContentRating rdf:about="https://collection.rcgs.jp/resource/RATING0000025">
    <dcterms:title>16</dcterms:title>
    <rdfs:label>16</rdfs:label>
    <skos:prefLabel xml:lang="ja">PEGI 16</skos:prefLabel>
    <skos:altLabel>16才以上対象</skos:altLabel>
    <dcterms:spatial>Europe ; Israel</dcterms:spatial>
    <rdfs:seeAlso>https://pegi.info/</rdfs:seeAlso>
    <dcterms:date rdf:datatype="http://purl.org/dc/terms/W3CDTF">2009-08</dcterms:date>
    <dcndl:location>Brussels, Belgium</dcndl:location>
    <dcterms:publisher rdf:resource="https://collection.rcgs.jp/resource/AGENT0003273"/>
    <dc:publisher>Pan European Game Information</dc:publisher>
    <schema:logo>https://upload.wikimedia.org/wikipedia/commons/8/8a/PEGI_16.svg</schema:logo>
    <dcterms:source>Wikipedia. https://en.wikipedia.org/wiki/Pan_European_Game_Information (accessed 2019-02-15)</dcterms:source>
    <dcterms:source>https://pegi.info/page/what-do-labels-mean</dcterms:source>
    <dcterms:source>Wikipedia. https://ja.wikipedia.org/wiki/汎欧州ゲーム情報 (accessed 2019-02-15)</dcterms:source>
  </rcgs:ContentRating>
  <rcgs:ContentRating rdf:about="https://collection.rcgs.jp/resource/RATING0000026">
    <dcterms:title>16+</dcterms:title>
    <rdfs:label>16+</rdfs:label>
    <skos:prefLabel xml:lang="ja">PEGI 16+</skos:prefLabel>
    <skos:altLabel>16才以上対象</skos:altLabel>
    <dcterms:spatial>Europe ; Israel</dcterms:spatial>
    <rdfs:seeAlso>https://pegi.info/</rdfs:seeAlso>
    <dcterms:date rdf:datatype="http://purl.org/dc/terms/W3CDTF">2003</dcterms:date>
    <dcndl:location>Brussels, Belgium</dcndl:location>
    <dcterms:publisher rdf:resource="https://collection.rcgs.jp/resource/AGENT0003273"/>
    <dc:publisher>Pan European Game Information</dc:publisher>
    <schema:logo>https://upload.wikimedia.org/wikipedia/commons/1/1a/PEGI_16_annotated_%282003-2009%29.svg</schema:logo>
    <dcterms:source>Wikipedia. https://en.wikipedia.org/wiki/Pan_European_Game_Information (accessed 2019-02-15)</dcterms:source>
    <dcterms:source>https://pegi.info/page/what-do-labels-mean</dcterms:source>
    <dcterms:source>Wikipedia. https://ja.wikipedia.org/wiki/汎欧州ゲーム情報 (accessed 2019-02-15)</dcterms:source>
  </rcgs:ContentRating>
  <rcgs:ContentRating rdf:about="https://collection.rcgs.jp/resource/RATING0000027">
    <dcterms:title>18+</dcterms:title>
    <rdfs:label>18+</rdfs:label>
    <skos:prefLabel xml:lang="ja">PEGI 18+</skos:prefLabel>
    <skos:altLabel>18才以上対象</skos:altLabel>
    <dcterms:spatial>Europe ; Israel</dcterms:spatial>
    <rdfs:seeAlso>https://pegi.info/</rdfs:seeAlso>
    <dcterms:date rdf:datatype="http://purl.org/dc/terms/W3CDTF">2003</dcterms:date>
    <dcndl:location>Brussels, Belgium</dcndl:location>
    <dcterms:publisher rdf:resource="https://collection.rcgs.jp/resource/AGENT0003273"/>
    <dc:publisher>Pan European Game Information</dc:publisher>
    <schema:logo>https://upload.wikimedia.org/wikipedia/commons/d/d1/PEGI_18_annotated_%282003-2009%29.svg</schema:logo>
    <dcterms:source>Wikipedia. https://en.wikipedia.org/wiki/Pan_European_Game_Information</dcterms:source>
    <dcterms:source>https://pegi.info/page/what-do-labels-mean</dcterms:source>
    <dcterms:source>Wikipedia. https://ja.wikipedia.org/wiki/汎欧州ゲーム情報 (accessed 2019-02-15)</dcterms:source>
  </rcgs:ContentRating>
  <rcgs:ContentRating rdf:about="https://collection.rcgs.jp/resource/RATING0000028">
    <dcterms:title>USK 16</dcterms:title>
    <rdfs:label>USK 16</rdfs:label>
    <skos:prefLabel xml:lang="ja">USK 16</skos:prefLabel>
    <skos:altLabel>16才未満提供禁止</skos:altLabel>
    <skos:altLabel>USK：16</skos:altLabel>
    <dcterms:spatial>Germany</dcterms:spatial>
    <rcgs:wikidataID>https://www.wikidata.org/wiki/Special:EntityData/Q14920393</rcgs:wikidataID>
    <rdfs:seeAlso>http://www.usk.de/</rdfs:seeAlso>
    <dcterms:date rdf:datatype="http://purl.org/dc/terms/W3CDTF">2003</dcterms:date>
    <dcndl:location>Berlin, Germany </dcndl:location>
    <dcterms:publisher rdf:resource="https://collection.rcgs.jp/resource/AGENT0003274"/>
    <dc:publisher>Unterhaltungssoftware Selbstkontrolle</dc:publisher>
    <schema:logo>https://upload.wikimedia.org/wikipedia/commons/1/1f/USK_16_%282003-2009%29.svg</schema:logo>
    <dcterms:source>http://www.usk.de/en/classification/classification-procedure/ (accessed 2019-02-16)</dcterms:source>
    <dcterms:source>Wikipedia. https://ja.wikipedia.org/wiki/ソフトウェア事前審査機構 (accessed 2019-02-16)</dcterms:source>
    <dcterms:source>Wikipedia. https://en.wikipedia.org/wiki/Unterhaltungssoftware_Selbstkontrolle (accessed 2019-02-16)</dcterms:source>
    <dcterms:source>Wikipedia. https://fr.wikipedia.org/wiki/Unterhaltungssoftware_Selbstkontrolle (accessed 2019-02-16)</dcterms:source>
  </rcgs:ContentRating>
  <rcgs:ContentRating rdf:about="https://collection.rcgs.jp/resource/RATING0000029">
    <dcterms:title>USK ab 12</dcterms:title>
    <rdfs:label>USK ab 12</rdfs:label>
    <skos:prefLabel xml:lang="ja">USK ab 12</skos:prefLabel>
    <skos:altLabel>12才未満提供禁止</skos:altLabel>
    <skos:altLabel>USK：12</skos:altLabel>
    <dcterms:spatial>Germany</dcterms:spatial>
    <rcgs:wikidataID>https://www.wikidata.org/wiki/Special:EntityData/Q14920392</rcgs:wikidataID>
    <rdfs:seeAlso>http://www.usk.de/</rdfs:seeAlso>
    <dcterms:date rdf:datatype="http://purl.org/dc/terms/W3CDTF">2009</dcterms:date>
    <dcndl:location>Berlin, Germany </dcndl:location>
    <dcterms:publisher rdf:resource="https://collection.rcgs.jp/resource/AGENT0003274"/>
    <dc:publisher>Unterhaltungssoftware Selbstkontrolle</dc:publisher>
    <schema:logo>https://upload.wikimedia.org/wikipedia/commons/c/c6/USK_12.svg</schema:logo>
    <dcterms:source>http://www.usk.de/en/classification/classification-procedure/ (accessed 2019-02-16)</dcterms:source>
    <dcterms:source>Wikipedia. https://ja.wikipedia.org/wiki/ソフトウェア事前審査機構 (accessed 2019-02-16)</dcterms:source>
    <dcterms:source>Wikipedia. https://en.wikipedia.org/wiki/Unterhaltungssoftware_Selbstkontrolle (accessed 2019-02-16)</dcterms:source>
    <dcterms:source>Wikipedia. https://fr.wikipedia.org/wiki/Unterhaltungssoftware_Selbstkontrolle (accessed 2019-02-16)</dcterms:source>
  </rcgs:ContentRating>
  <rcgs:ContentRating rdf:about="https://collection.rcgs.jp/resource/RATING0000030">
    <dcterms:title>USK ab 18</dcterms:title>
    <rdfs:label>USK ab 18</rdfs:label>
    <skos:prefLabel xml:lang="ja">USK ab 18</skos:prefLabel>
    <skos:altLabel>18才未満提供禁止</skos:altLabel>
    <skos:altLabel>USK：18</skos:altLabel>
    <dcterms:spatial>Germany</dcterms:spatial>
    <rcgs:wikidataID>https://www.wikidata.org/wiki/Special:EntityData/Q14920394</rcgs:wikidataID>
    <rdfs:seeAlso>http://www.usk.de/</rdfs:seeAlso>
    <dcterms:date rdf:datatype="http://purl.org/dc/terms/W3CDTF">2009</dcterms:date>
    <dcndl:location>Berlin, Germany </dcndl:location>
    <dcterms:publisher rdf:resource="https://collection.rcgs.jp/resource/AGENT0003274"/>
    <dc:publisher>Unterhaltungssoftware Selbstkontrolle</dc:publisher>
    <schema:logo>https://upload.wikimedia.org/wikipedia/commons/c/c3/USK_18.svg</schema:logo>
    <dcterms:source>http://www.usk.de/en/classification/classification-procedure/ (accessed 2019-02-16)</dcterms:source>
    <dcterms:source>Wikipedia. https://ja.wikipedia.org/wiki/ソフトウェア事前審査機構 (accessed 2019-02-16)</dcterms:source>
    <dcterms:source>Wikipedia. https://en.wikipedia.org/wiki/Unterhaltungssoftware_Selbstkontrolle (accessed 2019-02-16)</dcterms:source>
    <dcterms:source>Wikipedia. https://fr.wikipedia.org/wiki/Unterhaltungssoftware_Selbstkontrolle (accessed 2019-02-16)</dcterms:source>
  </rcgs:ContentRating>
  <rcgs:ContentRating rdf:about="https://collection.rcgs.jp/resource/RATING0000031">
    <dcterms:title>USK 12</dcterms:title>
    <rdfs:label>USK 12</rdfs:label>
    <skos:prefLabel xml:lang="ja">USK 12</skos:prefLabel>
    <skos:altLabel>12才未満提供禁止</skos:altLabel>
    <skos:altLabel>USK：12</skos:altLabel>
    <dcterms:spatial>Germany</dcterms:spatial>
    <rcgs:wikidataID>https://www.wikidata.org/wiki/Special:EntityData/Q14920392</rcgs:wikidataID>
    <rdfs:seeAlso>http://www.usk.de/</rdfs:seeAlso>
    <dcterms:date rdf:datatype="http://purl.org/dc/terms/W3CDTF">2003</dcterms:date>
    <dcndl:location>Berlin, Germany </dcndl:location>
    <dcterms:publisher rdf:resource="https://collection.rcgs.jp/resource/AGENT0003274"/>
    <dc:publisher>Unterhaltungssoftware Selbstkontrolle</dc:publisher>
    <schema:logo>https://upload.wikimedia.org/wikipedia/commons/b/bd/USK_12_%282003-2009%29.svg</schema:logo>
    <dcterms:source>http://www.usk.de/en/classification/classification-procedure/ (accessed 2019-02-16)</dcterms:source>
    <dcterms:source>Wikipedia. https://ja.wikipedia.org/wiki/ソフトウェア事前審査機構 (accessed 2019-02-16)</dcterms:source>
    <dcterms:source>Wikipedia. https://en.wikipedia.org/wiki/Unterhaltungssoftware_Selbstkontrolle (accessed 2019-02-16)</dcterms:source>
    <dcterms:source>Wikipedia. https://fr.wikipedia.org/wiki/Unterhaltungssoftware_Selbstkontrolle (accessed 2019-02-16)</dcterms:source>
  </rcgs:ContentRating>
  <rcgs:ContentRating rdf:about="https://collection.rcgs.jp/resource/RATING0000032">
    <dcterms:title>USK ab 6</dcterms:title>
    <rdfs:label>USK ab 6</rdfs:label>
    <skos:prefLabel xml:lang="ja">USK ab 6</skos:prefLabel>
    <skos:altLabel>6才未満提供禁止</skos:altLabel>
    <skos:altLabel>USK：6</skos:altLabel>
    <dcterms:spatial>Germany</dcterms:spatial>
    <rcgs:wikidataID>https://www.wikidata.org/wiki/Special:EntityData/Q14920391</rcgs:wikidataID>
    <rdfs:seeAlso>http://www.usk.de/</rdfs:seeAlso>
    <dcterms:date rdf:datatype="http://purl.org/dc/terms/W3CDTF">2009</dcterms:date>
    <dcndl:location>Berlin, Germany </dcndl:location>
    <dcterms:publisher rdf:resource="https://collection.rcgs.jp/resource/AGENT0003274"/>
    <dc:publisher>Unterhaltungssoftware Selbstkontrolle</dc:publisher>
    <schema:logo>https://upload.wikimedia.org/wikipedia/commons/d/de/USK_6.svg</schema:logo>
    <dcterms:source>http://www.usk.de/en/classification/classification-procedure/ (accessed 2019-02-16)</dcterms:source>
    <dcterms:source>Wikipedia. https://ja.wikipedia.org/wiki/ソフトウェア事前審査機構 (accessed 2019-02-16)</dcterms:source>
    <dcterms:source>Wikipedia. https://en.wikipedia.org/wiki/Unterhaltungssoftware_Selbstkontrolle (accessed 2019-02-16)</dcterms:source>
    <dcterms:source>Wikipedia. https://fr.wikipedia.org/wiki/Unterhaltungssoftware_Selbstkontrolle (accessed 2019-02-16)</dcterms:source>
  </rcgs:ContentRating>
  <rcgs:ContentRating rdf:about="https://collection.rcgs.jp/resource/RATING0000033">
    <dcterms:title>USK 0</dcterms:title>
    <rdfs:label>USK 0</rdfs:label>
    <skos:prefLabel xml:lang="ja">USK 0</skos:prefLabel>
    <skos:altLabel>全年齢対象</skos:altLabel>
    <skos:altLabel>USK：0</skos:altLabel>
    <dcterms:spatial>Germany</dcterms:spatial>
    <rcgs:wikidataID>https://www.wikidata.org/wiki/Special:EntityData/Q14920387</rcgs:wikidataID>
    <rdfs:seeAlso>http://www.usk.de/</rdfs:seeAlso>
    <dcterms:date rdf:datatype="http://purl.org/dc/terms/W3CDTF">2003</dcterms:date>
    <dcndl:location>Berlin, Germany </dcndl:location>
    <dcterms:publisher rdf:resource="https://collection.rcgs.jp/resource/AGENT0003274"/>
    <dc:publisher>Unterhaltungssoftware Selbstkontrolle</dc:publisher>
    <schema:logo>https://upload.wikimedia.org/wikipedia/commons/0/05/USK_0_%282003-2009%29.svg</schema:logo>
    <dcterms:source>http://www.usk.de/en/classification/classification-procedure/ (accessed 2019-02-16)</dcterms:source>
    <dcterms:source>Wikipedia. https://ja.wikipedia.org/wiki/ソフトウェア事前審査機構 (accessed 2019-02-16)</dcterms:source>
    <dcterms:source>Wikipedia. https://en.wikipedia.org/wiki/Unterhaltungssoftware_Selbstkontrolle (accessed 2019-02-16)</dcterms:source>
    <dcterms:source>Wikipedia. https://fr.wikipedia.org/wiki/Unterhaltungssoftware_Selbstkontrolle (accessed 2019-02-16)</dcterms:source>
  </rcgs:ContentRating>
  <rcgs:ContentRating rdf:about="https://collection.rcgs.jp/resource/RATING0000034">
    <dcterms:title>ESRB E</dcterms:title>
    <rdfs:label>ESRB E</rdfs:label>
    <skos:prefLabel xml:lang="ja">ESRB E</skos:prefLabel>
    <skos:altLabel>ESRB Everyone</skos:altLabel>
    <skos:altLabel>E</skos:altLabel>
    <dcterms:spatial>North America</dcterms:spatial>
    <rcgs:wikidataID>https://www.wikidata.org/wiki/Special:EntityData/Q14864328</rcgs:wikidataID>
    <rdfs:seeAlso>http://www.esrb.org</rdfs:seeAlso>
    <dcterms:date rdf:datatype="http://purl.org/dc/terms/W3CDTF">1998</dcterms:date>
    <dcndl:location>New York, NY</dcndl:location>
    <dcterms:publisher rdf:resource="https://collection.rcgs.jp/resource/AGENT0003275"/>
    <dc:publisher>Entertainment Software Rating Board</dc:publisher>
    <schema:logo>https://upload.wikimedia.org/wikipedia/commons/e/e0/ESRB_2013_Everyone.svg</schema:logo>
    <skos:note>団体の設立年は1994年だが、Wikidataには発行始期が1998年になっている。
Wikidataの説明にはロゴに®がついている。
Wikiでは範囲がNorth Americaになっているがホームページの説明が曖昧である。
1997年以前には K-A - Kids to Adultsであった。</skos:note>
    <dcterms:source>http://www.esrb.org/ratings/ratings_guide.aspx (accessed 2019-02-16)</dcterms:source>
    <dcterms:source>Wikipedia. https://en.wikipedia.org/wiki/Entertainment_Software_Rating_Board (accessed 2019-02-16)</dcterms:source>
    <dcterms:source>https://ja.wikipedia.org/wiki/エンターテインメントソフトウェアレイティング委員会 (accessed 2019-02-16)</dcterms:source>
  </rcgs:ContentRating>
  <rcgs:ContentRating rdf:about="https://collection.rcgs.jp/resource/RATING0000035">
    <dcterms:title>ESRB E 10+</dcterms:title>
    <rdfs:label>ESRB E 10+</rdfs:label>
    <skos:prefLabel xml:lang="ja">ESRB E 10+</skos:prefLabel>
    <skos:altLabel>ESRB Everyone 10+</skos:altLabel>
    <skos:altLabel>E10+</skos:altLabel>
    <dcterms:spatial>North America</dcterms:spatial>
    <rcgs:wikidataID>https://www.wikidata.org/wiki/Special:EntityData/Q14864329</rcgs:wikidataID>
    <rdfs:seeAlso>http://www.esrb.org</rdfs:seeAlso>
    <dcterms:date rdf:datatype="http://purl.org/dc/terms/W3CDTF">1998</dcterms:date>
    <dcndl:location>New York, NY</dcndl:location>
    <dcterms:publisher rdf:resource="https://collection.rcgs.jp/resource/AGENT0003275"/>
    <dc:publisher>Entertainment Software Rating Board</dc:publisher>
    <schema:logo>https://upload.wikimedia.org/wikipedia/commons/7/70/ESRB_2013_Everyone_10%2B.svg</schema:logo>
    <dcterms:source>http://www.esrb.org/ratings/ratings_guide.aspx</dcterms:source>
    <dcterms:source>Wikipedia. https://en.wikipedia.org/wiki/Entertainment_Software_Rating_Board (accessed 2019-02-16)</dcterms:source>
  </rcgs:ContentRating>
  <rcgs:ContentRating rdf:about="https://collection.rcgs.jp/resource/RATING0000036">
    <dcterms:title>ESRB T</dcterms:title>
    <rdfs:label>ESRB T</rdfs:label>
    <skos:prefLabel xml:lang="ja">ESRB T</skos:prefLabel>
    <skos:altLabel>ESRB Teen</skos:altLabel>
    <skos:altLabel>TEEN</skos:altLabel>
    <skos:altLabel>T</skos:altLabel>
    <dcterms:spatial>North America</dcterms:spatial>
    <rcgs:wikidataID>https://www.wikidata.org/wiki/Special:EntityData/Q14864330</rcgs:wikidataID>
    <rdfs:seeAlso>http://www.esrb.org</rdfs:seeAlso>
    <dcterms:date rdf:datatype="http://purl.org/dc/terms/W3CDTF">1998</dcterms:date>
    <dcndl:location>New York, NY</dcndl:location>
    <dcterms:publisher rdf:resource="https://collection.rcgs.jp/resource/AGENT0003275"/>
    <dc:publisher>Entertainment Software Rating Board</dc:publisher>
    <schema:logo>https://upload.wikimedia.org/wikipedia/commons/8/8f/ESRB_2013_Teen.svg</schema:logo>
    <dcterms:source>http://www.esrb.org/ratings/ratings_guide.aspx (accessed 2019-02-16)</dcterms:source>
    <dcterms:source>Wikipedia. https://en.wikipedia.org/wiki/Entertainment_Software_Rating_Board (accessed 2019-02-16)</dcterms:source>
    <dcterms:source>https://ja.wikipedia.org/wiki/エンターテインメントソフトウェアレイティング委員会 (accessed 2019-02-16)</dcterms:source>
  </rcgs:ContentRating>
  <rcgs:ContentRating rdf:about="https://collection.rcgs.jp/resource/RATING0000037">
    <dcterms:title>ESRB M</dcterms:title>
    <rdfs:label>ESRB M</rdfs:label>
    <skos:prefLabel xml:lang="ja">ESRB M</skos:prefLabel>
    <skos:altLabel>ESRB Mature</skos:altLabel>
    <skos:altLabel>Mature 17+ </skos:altLabel>
    <skos:altLabel>M17+</skos:altLabel>
    <dcterms:spatial>North America</dcterms:spatial>
    <rcgs:wikidataID>https://www.wikidata.org/wiki/Special:EntityData/Q14864331</rcgs:wikidataID>
    <rdfs:seeAlso>http://www.esrb.org</rdfs:seeAlso>
    <dcterms:date rdf:datatype="http://purl.org/dc/terms/W3CDTF">1998</dcterms:date>
    <dcndl:location>New York, NY</dcndl:location>
    <dcterms:publisher rdf:resource="https://collection.rcgs.jp/resource/AGENT0003275"/>
    <dc:publisher>Entertainment Software Rating Board</dc:publisher>
    <schema:logo>https://upload.wikimedia.org/wikipedia/commons/c/cb/ESRB_2013_Mature.svg</schema:logo>
    <dcterms:source>http://www.esrb.org/ratings/ratings_guide.aspx (accessed 2019-02-16)</dcterms:source>
    <dcterms:source>Wikipedia. https://en.wikipedia.org/wiki/Entertainment_Software_Rating_Board (accessed 2019-02-16)</dcterms:source>
    <dcterms:source>Wikipedia. https://ja.wikipedia.org/wiki/エンターテインメントソフトウェアレイティング委員会 (accessed 2019-02-16)</dcterms:source>
  </rcgs:ContentRating>
  <rcgs:ContentRating rdf:about="https://collection.rcgs.jp/resource/RATING0000038">
    <dcterms:title>ESRB AO</dcterms:title>
    <rdfs:label>ESRB AO</rdfs:label>
    <skos:prefLabel xml:lang="ja">ESRB AO</skos:prefLabel>
    <skos:altLabel>ESRB Adults Only</skos:altLabel>
    <skos:altLabel>Adults Only 18+</skos:altLabel>
    <skos:altLabel>AO18+</skos:altLabel>
    <dcterms:spatial>North America</dcterms:spatial>
    <rcgs:wikidataID>https://www.wikidata.org/wiki/Special:EntityData/Q14864332</rcgs:wikidataID>
    <rdfs:seeAlso>http://www.esrb.org</rdfs:seeAlso>
    <dcterms:date rdf:datatype="http://purl.org/dc/terms/W3CDTF">1998</dcterms:date>
    <dcndl:location>New York, NY</dcndl:location>
    <dcterms:publisher rdf:resource="https://collection.rcgs.jp/resource/AGENT0003275"/>
    <dc:publisher>Entertainment Software Rating Board</dc:publisher>
    <schema:logo>https://upload.wikimedia.org/wikipedia/commons/8/8d/ESRB_2013_Adults_Only.svg</schema:logo>
    <skos:note>ESRB AをESRB AOに修正。</skos:note>
    <dcterms:source>http://www.esrb.org/ratings/ratings_guide.aspx (accessed 2019-02-16)</dcterms:source>
    <dcterms:source>Wikipedia. https://en.wikipedia.org/wiki/Entertainment_Software_Rating_Board (accessed 2019-02-16)</dcterms:source>
    <dcterms:source>Wikipedia. https://ja.wikipedia.org/wiki/エンターテインメントソフトウェアレイティング委員 (accessed 2019-02-16)</dcterms:source>
  </rcgs:ContentRating>
  <rcgs:ContentRating rdf:about="https://collection.rcgs.jp/resource/RATING0000039">
    <dcterms:title>ESRB RP</dcterms:title>
    <rdfs:label>ESRB RP</rdfs:label>
    <skos:prefLabel xml:lang="ja">ESRB RP</skos:prefLabel>
    <skos:altLabel>ESRB Rating Pending</skos:altLabel>
    <skos:altLabel>ESRB RP</skos:altLabel>
    <skos:altLabel>RP</skos:altLabel>
    <dcterms:spatial>North America</dcterms:spatial>
    <rcgs:wikidataID>https://www.wikidata.org/wiki/Special:EntityData/Q14864333</rcgs:wikidataID>
    <rdfs:seeAlso>http://www.esrb.org</rdfs:seeAlso>
    <dcterms:date rdf:datatype="http://purl.org/dc/terms/W3CDTF">1998</dcterms:date>
    <dcndl:location>New York, NY</dcndl:location>
    <dcterms:publisher rdf:resource="https://collection.rcgs.jp/resource/AGENT0003275"/>
    <dc:publisher>Entertainment Software Rating Board</dc:publisher>
    <schema:logo>https://upload.wikimedia.org/wikipedia/commons/4/45/ESRB_2013_Rating_Pending.svg</schema:logo>
    <dcterms:source>http://www.esrb.org/ratings/ratings_guide.aspx (accessed 2019-02-16)</dcterms:source>
    <dcterms:source>Wikipedia. https://en.wikipedia.org/wiki/Entertainment_Software_Rating_Board (accessed 2019-02-16)</dcterms:source>
    <dcterms:source>Wikipedia. https://ja.wikipedia.org/wiki/エンターテインメントソフトウェアレイティング委員会 (accessed 2019-02-16)</dcterms:source>
  </rcgs:ContentRating>
  <rcgs:ContentRating rdf:about="https://collection.rcgs.jp/resource/RATING0000040">
    <dcterms:title>ELSPA 3+</dcterms:title>
    <rdfs:label>ELSPA 3+</rdfs:label>
    <skos:prefLabel xml:lang="ja">ELSPA 3+</skos:prefLabel>
    <dcndl:location>London, UK</dcndl:location>
    <dcterms:publisher rdf:resource="https://collection.rcgs.jp/resource/AGENT0003276"/>
    <dc:publisher>Entertainment and Leisure Software Publisher's Association Ltd</dc:publisher>
    <skos:note>ELSPA Closed in 9 Sept 2010. The company was rebranded to UKIE.
ELPSA has been replaced by the PEGI.</skos:note>
    <dcterms:source>http://spong.com/company/1885/Entertainment-and-Leisure-Software-Publishers-Association-Ltd?cc=t (accessed 2019-02-16)</dcterms:source>
    <dcterms:source>Wikipedia. https://en.wikipedia.org/wiki/The_Association_for_UK_Interactive_Entertainment (accessed 2019-02-16)</dcterms:source>
    <dcterms:source>Mobygames. https://www.mobygames.com/attribute/sheet/attributeId,293/ (accessed 2019-02-16)</dcterms:source>
  </rcgs:ContentRating>
  <rcgs:ContentRating rdf:about="https://collection.rcgs.jp/resource/RATING0000042">
    <dcterms:title>審査済証 映像倫理機構 ETHICS 成人指定 18歳未満販売・貸出禁止</dcterms:title>
    <rdfs:label>審査済証 映像倫理機構 ETHICS 成人指定 18歳未満販売・貸出禁止</rdfs:label>
    <skos:prefLabel xml:lang="ja">審査済証 映像倫理機構 ETHICS 成人指定 18歳未満販売・貸出禁止</skos:prefLabel>
    <skos:altLabel>CSA 成人指定 18歳未満販売・貸出禁止</skos:altLabel>
    <dcterms:spatial>日本</dcterms:spatial>
    <rdfs:seeAlso>http://eizorin.or.jp</rdfs:seeAlso>
    <dcterms:date rdf:datatype="http://purl.org/dc/terms/W3CDTF">2003</dcterms:date>
    <dcndl:location>東京都新宿区</dcndl:location>
    <dcterms:publisher rdf:resource="https://collection.rcgs.jp/resource/AGENT0003277"/>
    <dc:publisher>コンテンツ・ソフト協同組合 (CSA)</dc:publisher>
    <skos:note>CSAは2015年6月解散。
ロゴの確認。https://www.pref.tottori.lg.jp/28423.htm
http://eizorin.or.jp/csa/about/index.htmlには、コンテンツ・ソフト協同組合のホームページは統合されている。</skos:note>
    <dcterms:source>http://eizorin.or.jp/csa/about/index.html (accessed 2019-02-16)</dcterms:source>
    <dcterms:source>Wikipedia. https://ja.wikipedia.org/wiki/コンテンツ・ソフト協同組合 (accessed 2019-02-16)</dcterms:source>
  </rcgs:ContentRating>
  <rcgs:ContentRating rdf:about="https://collection.rcgs.jp/resource/RATING0000043">
    <dcterms:title>MA 15+  (RESTRICTED)</dcterms:title>
    <rdfs:label>MA 15+  (RESTRICTED)</rdfs:label>
    <skos:prefLabel xml:lang="ja">MA 15+ (AustralianClassification)</skos:prefLabel>
    <skos:altLabel>Mature Audiences</skos:altLabel>
    <skos:altLabel>ACB MA 15+</skos:altLabel>
    <skos:altLabel>OFLC MA 15+</skos:altLabel>
    <dcterms:spatial>Australia</dcterms:spatial>
    <rcgs:wikidataID>https://www.wikidata.org/wiki/Special:EntityData/Q26708078</rcgs:wikidataID>
    <rdfs:seeAlso>http://www.classification.gov.au/Guidelines/Pages/MA15+.aspx</rdfs:seeAlso>
    <dcterms:date rdf:datatype="http://purl.org/dc/terms/W3CDTF">1993</dcterms:date>
    <dcndl:location>SURRY HILLS, NSW, Australia</dcndl:location>
    <dcterms:publisher rdf:resource="https://collection.rcgs.jp/resource/AGENT0003278"/>
    <dc:publisher>Australian Classification Board (ACB)</dc:publisher>
    <dcterms:description>&quot;Restricted - unsuitable for persons under 15; may contain strong content.&quot; from AustrarlianClassification Website</dcterms:description>
    <schema:logo>https://upload.wikimedia.org/wikipedia/commons/2/29/MA_15%2B_classification_tag_from_OFLC.svg</schema:logo>
    <skos:note>コンタクト Classification Branch Department of Communications and the Arts Call: 02 9289 7100</skos:note>
    <dcterms:source>http://www.classification.gov.au/Pages/Home.aspx (accessed 2019-02-16)</dcterms:source>
    <dcterms:source>Wikipedia. https://ja.wikipedia.org/wiki/オーストラリア等級審査委員会 (accessed 2019-02-16)</dcterms:source>
  </rcgs:ContentRating>
  <rcgs:ContentRating rdf:about="https://collection.rcgs.jp/resource/RATING0000062">
    <dcterms:title>CTC</dcterms:title>
    <rdfs:label>CTC</rdfs:label>
    <skos:prefLabel xml:lang="ja">CTC (AustralianClassification)</skos:prefLabel>
    <skos:altLabel>Check the Classification</skos:altLabel>
    <dcterms:spatial>Australia</dcterms:spatial>
    <rdfs:seeAlso>http://www.classification.gov.au</rdfs:seeAlso>
    <dcndl:location>SURRY HILLS, NSW, Australia</dcndl:location>
    <dcterms:publisher rdf:resource="https://collection.rcgs.jp/resource/AGENT0003271"/>
    <dc:publisher>Australian Classification Board (ACB)</dc:publisher>
    <dcterms:description>&quot;This has advertising approval, but is not yet classified&quot; from AustrarlianClassification Website</dcterms:description>
    <skos:note>コンタクト Classification Branch Department of Communications and the Arts Call: 02 9289 7101</skos:note>
    <dcterms:source>http://www.classification.gov.au/Pages/Home.aspx (accessed 2019-02-16)</dcterms:source>
    <dcterms:source>Wikipedia. https://ja.wikipedia.org/wiki/オーストラリア等級審査委員会 (accessed 2019-02-16)</dcterms:source>
  </rcgs:ContentRating>
  <rcgs:ContentRating rdf:about="https://collection.rcgs.jp/resource/RATING0000063">
    <dcterms:title>G</dcterms:title>
    <rdfs:label>G</rdfs:label>
    <skos:prefLabel xml:lang="ja">G (AustralianClassification)</skos:prefLabel>
    <skos:altLabel>General</skos:altLabel>
    <skos:altLabel>General (G)</skos:altLabel>
    <dcterms:spatial>Australia</dcterms:spatial>
    <rdfs:seeAlso>http://www.classification.gov.au</rdfs:seeAlso>
    <dcndl:location>SURRY HILLS, NSW, Australia</dcndl:location>
    <dcterms:publisher rdf:resource="https://collection.rcgs.jp/resource/AGENT0003271"/>
    <dc:publisher>Australian Classification Board (ACB)</dc:publisher>
    <dcterms:description>&quot;Suitable for everyone.&quot; from AustrarlianClassification Website</dcterms:description>
    <schema:logo>https://upload.wikimedia.org/wikipedia/commons/6/64/Australian_OFLC_G_tag_logo.svg</schema:logo>
    <skos:note>コンタクト Classification Branch Department of Communications and the Arts Call: 02 9289 7102</skos:note>
    <dcterms:source>http://www.classification.gov.au/Pages/Home.aspx (accessed 2019-02-16)</dcterms:source>
    <dcterms:source>Wikipedia. https://ja.wikipedia.org/wiki/オーストラリア等級審査委員会 (accessed 2019-02-16)</dcterms:source>
  </rcgs:ContentRating>
  <rcgs:ContentRating rdf:about="https://collection.rcgs.jp/resource/RATING0000064">
    <dcterms:title>PG</dcterms:title>
    <rdfs:label>PG</rdfs:label>
    <skos:prefLabel xml:lang="ja">PG (AustralianClassification)</skos:prefLabel>
    <skos:altLabel>Parental Guidance</skos:altLabel>
    <skos:altLabel>ACB PG</skos:altLabel>
    <skos:altLabel>OFLC PG</skos:altLabel>
    <dcterms:spatial>Australia</dcterms:spatial>
    <rcgs:wikidataID>https://www.wikidata.org/wiki/Special:EntityData/Q26708076</rcgs:wikidataID>
    <rdfs:seeAlso>http://www.classification.gov.au</rdfs:seeAlso>
    <dcndl:location>SURRY HILLS, NSW, Australia</dcndl:location>
    <dcterms:publisher rdf:resource="https://collection.rcgs.jp/resource/AGENT0003271"/>
    <dc:publisher>Australian Classification Board (ACB)</dc:publisher>
    <dcterms:description>&quot;Not recommended for children under 15; may contain material which some children find confusing or upsetting.&quot; from AustrarlianClassification Website</dcterms:description>
    <schema:logo>https://upload.wikimedia.org/wikipedia/commons/1/14/PG_classification_tag_from_OFLC.svg</schema:logo>
    <skos:note>コンタクト Classification Branch Department of Communications and the Arts Call: 02 9289 7103</skos:note>
    <dcterms:source>http://www.classification.gov.au/Pages/Home.aspx (accessed 2019-02-16)</dcterms:source>
    <dcterms:source>Wikipedia. https://ja.wikipedia.org/wiki/オーストラリア等級審査委員会 (accessed 2019-02-16)</dcterms:source>
  </rcgs:ContentRating>
  <rcgs:ContentRating rdf:about="https://collection.rcgs.jp/resource/RATING0000065">
    <dcterms:title>M</dcterms:title>
    <rdfs:label>M</rdfs:label>
    <skos:prefLabel xml:lang="ja">M (AustralianClassification)</skos:prefLabel>
    <skos:altLabel>Mature</skos:altLabel>
    <dcterms:spatial>Australia</dcterms:spatial>
    <rdfs:seeAlso>http://www.classification.gov.au</rdfs:seeAlso>
    <dcndl:location>SURRY HILLS, NSW, Australia</dcndl:location>
    <dcterms:publisher rdf:resource="https://collection.rcgs.jp/resource/AGENT0003273"/>
    <dc:publisher>Australian Classification Board (ACB)</dc:publisher>
    <dcterms:description>&quot;Not recommended for children under 15; may include moderate levels of violence, language or themes.&quot; from AustrarlianClassification Website</dcterms:description>
    <schema:logo>https://upload.wikimedia.org/wikipedia/commons/2/2a/Australian_OFLC_M_logo.svg</schema:logo>
    <skos:note>コンタクト Classification Branch Department of Communications and the Arts Call: 02 9289 7104</skos:note>
    <dcterms:source>http://www.classification.gov.au/Pages/Home.aspx (accessed 2019-02-16)</dcterms:source>
    <dcterms:source>Wikipedia. https://ja.wikipedia.org/wiki/オーストラリア等級審査委員会 (accessed 2019-02-16)</dcterms:source>
  </rcgs:ContentRating>
  <rcgs:ContentRating rdf:about="https://collection.rcgs.jp/resource/RATING0000066">
    <dcterms:title>R 18+  (RESTRICTED)</dcterms:title>
    <rdfs:label>R 18+  (RESTRICTED)</rdfs:label>
    <skos:prefLabel xml:lang="ja">R 18+ (AustralianClassification)</skos:prefLabel>
    <skos:altLabel>Restricted ®</skos:altLabel>
    <skos:altLabel>ACB R 18+</skos:altLabel>
    <skos:altLabel>OFLC R 18+</skos:altLabel>
    <dcterms:spatial>Australia</dcterms:spatial>
    <rcgs:wikidataID>https://www.wikidata.org/wiki/Special:EntityData/Q26708079</rcgs:wikidataID>
    <rdfs:seeAlso>http://www.classification.gov.au</rdfs:seeAlso>
    <dcndl:location>SURRY HILLS, NSW, Australia</dcndl:location>
    <dcterms:publisher rdf:resource="https://collection.rcgs.jp/resource/AGENT0003273"/>
    <dc:publisher>Australian Classification Board (ACB)</dc:publisher>
    <dcterms:description>&quot;Restricted to adults.&quot; from AustrarlianClassification Website</dcterms:description>
    <schema:logo>https://upload.wikimedia.org/wikipedia/commons/8/85/OFLC_R_18_classification_tag.svg</schema:logo>
    <skos:note>コンタクト Classification Branch Department of Communications and the Arts Call: 02 9289 7105</skos:note>
    <dcterms:source>http://www.classification.gov.au/Pages/Home.aspx (accessed 2019-02-16)</dcterms:source>
    <dcterms:source>Wikipedia. https://ja.wikipedia.org/wiki/オーストラリア等級審査委員会 (accessed 2019-02-16)</dcterms:source>
  </rcgs:ContentRating>
  <rcgs:ContentRating rdf:about="https://collection.rcgs.jp/resource/RATING0000067">
    <dcterms:title>X 18+  (RESTRICTED)</dcterms:title>
    <rdfs:label>X 18+  (RESTRICTED)</rdfs:label>
    <skos:prefLabel xml:lang="ja">X 18+ (AustralianClassification)</skos:prefLabel>
    <skos:altLabel>Restricted (X)</skos:altLabel>
    <skos:altLabel>ACB X 18+</skos:altLabel>
    <skos:altLabel>OFLC X 18+</skos:altLabel>
    <dcterms:spatial>Australia</dcterms:spatial>
    <rcgs:wikidataID>https://www.wikidata.org/wiki/Special:EntityData/Q26708080</rcgs:wikidataID>
    <rdfs:seeAlso>http://www.classification.gov.au</rdfs:seeAlso>
    <dcndl:location>SURRY HILLS, NSW, Australia</dcndl:location>
    <dcterms:publisher rdf:resource="https://collection.rcgs.jp/resource/AGENT0003273"/>
    <dc:publisher>Australian Classification Board (ACB)</dc:publisher>
    <dcterms:description>&quot;Restricted to adults – contains sexually explicit content.&quot; from AustrarlianClassification Website</dcterms:description>
    <schema:logo>https://upload.wikimedia.org/wikipedia/commons/e/ec/OFLC_X_18_classification_tag.svg</schema:logo>
    <skos:note>コンタクト Classification Branch Department of Communications and the Arts Call: 02 9289 7106</skos:note>
    <dcterms:source>http://www.classification.gov.au/Pages/Home.aspx (accessed 2019-02-16)</dcterms:source>
    <dcterms:source>Wikipedia. https://ja.wikipedia.org/wiki/オーストラリア等級審査委員会 (accessed 2019-02-16)</dcterms:source>
  </rcgs:ContentRating>
  <rcgs:ContentRating rdf:about="https://collection.rcgs.jp/resource/RATING0000044">
    <dcterms:title>18</dcterms:title>
    <rdfs:label>18</rdfs:label>
    <skos:prefLabel xml:lang="ja">BBFC 18</skos:prefLabel>
    <skos:altLabel>18 (British Board of Film Classification)</skos:altLabel>
    <dcterms:spatial>London, UK</dcterms:spatial>
    <rcgs:wikidataID>https://www.wikidata.org/wiki/Special:EntityData/Q4557532</rcgs:wikidataID>
    <rdfs:seeAlso>http://www.bbfc.co.uk/</rdfs:seeAlso>
    <dcterms:date rdf:datatype="http://purl.org/dc/terms/W3CDTF">1982</dcterms:date>
    <dcndl:location>Soho, London, UK</dcndl:location>
    <dcterms:publisher rdf:resource="https://collection.rcgs.jp/resource/AGENT0003279"/>
    <dc:publisher>British Board of Film Classification (BBFC)</dc:publisher>
    <dcterms:description>&quot;Suitable only for adults&quot; - from BBFC website.</dcterms:description>
    <schema:logo>https://upload.wikimedia.org/wikipedia/commons/7/7b/BBFC_18_2002.png</schema:logo>
    <skos:note>Replaced by X certificate.</skos:note>
    <dcterms:source>http://www.bbfc.co.uk/ (accessed 2019-02-16)</dcterms:source>
    <dcterms:source>Wikipedia. https://en.wikipedia.org/wiki/18_(British_Board_of_Film_Classification) (accessed 2019-02-16)</dcterms:source>
  </rcgs:ContentRating>
  <rcgs:ContentRating rdf:about="https://collection.rcgs.jp/resource/RATING0000068">
    <dcterms:title>U</dcterms:title>
    <rdfs:label>U</rdfs:label>
    <skos:prefLabel xml:lang="ja">BBFC U</skos:prefLabel>
    <skos:altLabel>U (British Board of Film Classification)</skos:altLabel>
    <dcterms:spatial>London, UK</dcterms:spatial>
    <rcgs:wikidataID>https://www.wikidata.org/wiki/Special:EntityData/Q23301853</rcgs:wikidataID>
    <rdfs:seeAlso>http://www.bbfc.co.uk/</rdfs:seeAlso>
    <dcterms:date rdf:datatype="http://purl.org/dc/terms/W3CDTF">1982</dcterms:date>
    <dcndl:location>Soho, London, UK</dcndl:location>
    <dcterms:publisher rdf:resource="https://collection.rcgs.jp/resource/AGENT0003273"/>
    <dc:publisher>British Board of Film Classification (BBFC)</dc:publisher>
    <dcterms:description>&quot;Suitable for all&quot; - from BBFC website.</dcterms:description>
    <schema:logo>https://upload.wikimedia.org/wikipedia/commons/3/39/BBFC_U_2002.png</schema:logo>
    <dcterms:source>http://www.bbfc.co.uk/ (accessed 2019-02-16)</dcterms:source>
    <dcterms:source>Wikipedia. https://en.wikipedia.org/wiki/British_Board_of_Film_Classification (accessed 2019-02-16)</dcterms:source>
  </rcgs:ContentRating>
  <rcgs:ContentRating rdf:about="https://collection.rcgs.jp/resource/RATING0000069">
    <dcterms:title>PG</dcterms:title>
    <rdfs:label>PG</rdfs:label>
    <skos:prefLabel xml:lang="ja">BBFC PG</skos:prefLabel>
    <skos:altLabel>PG (British Board of Film Classification)</skos:altLabel>
    <dcterms:spatial>London, UK</dcterms:spatial>
    <rdfs:seeAlso>http://www.bbfc.co.uk/</rdfs:seeAlso>
    <dcndl:location>Soho, London, UK</dcndl:location>
    <dcterms:publisher rdf:resource="https://collection.rcgs.jp/resource/AGENT0003273"/>
    <dc:publisher>British Board of Film Classification (BBFC)</dc:publisher>
    <dcterms:description>&quot;Parental guidance&quot; - from BBFC website.</dcterms:description>
    <schema:logo>https://upload.wikimedia.org/wikipedia/commons/a/a6/BBFC_PG_2002.png</schema:logo>
    <dcterms:source>http://www.bbfc.co.uk/ (accessed 2019-02-16)</dcterms:source>
    <dcterms:source>Wikipedia. https://en.wikipedia.org/wiki/British_Board_of_Film_Classification (accessed 2019-02-16)</dcterms:source>
  </rcgs:ContentRating>
  <rcgs:ContentRating rdf:about="https://collection.rcgs.jp/resource/RATING0000070">
    <dcterms:title>12A</dcterms:title>
    <rdfs:label>12A</rdfs:label>
    <skos:prefLabel xml:lang="ja">BBFC 12A</skos:prefLabel>
    <skos:altLabel>12A (British Board of Film Classification)</skos:altLabel>
    <dcterms:spatial>London, UK</dcterms:spatial>
    <rcgs:wikidataID>https://www.wikidata.org/wiki/Special:EntityData/Q23301855</rcgs:wikidataID>
    <rdfs:seeAlso>http://www.bbfc.co.uk/</rdfs:seeAlso>
    <dcndl:location>Soho, London, UK</dcndl:location>
    <dcterms:publisher rdf:resource="https://collection.rcgs.jp/resource/AGENT0003273"/>
    <dc:publisher>British Board of Film Classification (BBFC)</dc:publisher>
    <dcterms:description>&quot;Cinema release suitable for 12 years and over&quot; - from BBFC website.</dcterms:description>
    <schema:logo>https://upload.wikimedia.org/wikipedia/commons/5/53/BBFC_12A_2002.png</schema:logo>
    <dcterms:source>http://www.bbfc.co.uk/ (accessed 2019-02-16)</dcterms:source>
    <dcterms:source>Wikipedia. https://en.wikipedia.org/wiki/British_Board_of_Film_Classification (accessed 2019-02-16)</dcterms:source>
  </rcgs:ContentRating>
  <rcgs:ContentRating rdf:about="https://collection.rcgs.jp/resource/RATING0000071">
    <dcterms:title>12</dcterms:title>
    <rdfs:label>12</rdfs:label>
    <skos:prefLabel xml:lang="ja">BBFC 12</skos:prefLabel>
    <skos:altLabel>12 (British Board of Film Classification)</skos:altLabel>
    <dcterms:spatial>London, UK</dcterms:spatial>
    <rcgs:wikidataID>https://www.wikidata.org/wiki/Special:EntityData/Q23301856</rcgs:wikidataID>
    <rdfs:seeAlso>http://www.bbfc.co.uk/</rdfs:seeAlso>
    <dcndl:location>Soho, London, UK</dcndl:location>
    <dcterms:publisher rdf:resource="https://collection.rcgs.jp/resource/AGENT0003273"/>
    <dc:publisher>British Board of Film Classification (BBFC)</dc:publisher>
    <dcterms:description>&quot;Video release suitable for 12 years and over&quot; - from BBFC website.</dcterms:description>
    <schema:logo>https://upload.wikimedia.org/wikipedia/commons/8/8d/BBFC_12_2002.png</schema:logo>
    <dcterms:source>http://www.bbfc.co.uk/ (accessed 2019-02-16)</dcterms:source>
    <dcterms:source>Wikipedia. https://en.wikipedia.org/wiki/British_Board_of_Film_Classification (accessed 2019-02-16)</dcterms:source>
  </rcgs:ContentRating>
  <rcgs:ContentRating rdf:about="https://collection.rcgs.jp/resource/RATING0000072">
    <dcterms:title>15</dcterms:title>
    <rdfs:label>15</rdfs:label>
    <skos:prefLabel xml:lang="ja">BBFC 15</skos:prefLabel>
    <skos:altLabel>15 (British Board of Film Classification)</skos:altLabel>
    <dcterms:spatial>London, UK</dcterms:spatial>
    <rcgs:wikidataID>https://www.wikidata.org/wiki/Special:EntityData/Q4550895</rcgs:wikidataID>
    <rdfs:seeAlso>http://www.bbfc.co.uk/</rdfs:seeAlso>
    <dcndl:location>Soho, London, UK</dcndl:location>
    <dcterms:publisher rdf:resource="https://collection.rcgs.jp/resource/AGENT0003273"/>
    <dc:publisher>British Board of Film Classification (BBFC)</dc:publisher>
    <dcterms:description>&quot;Suitable only for 15 years and over&quot; - from BBFC website.</dcterms:description>
    <schema:logo>https://upload.wikimedia.org/wikipedia/commons/a/ab/BBFC_15_2002.png</schema:logo>
    <dcterms:source>http://www.bbfc.co.uk/ (accessed 2019-02-16)</dcterms:source>
    <dcterms:source>Wikipedia. https://en.wikipedia.org/wiki/British_Board_of_Film_Classification (accessed 2019-02-16)</dcterms:source>
  </rcgs:ContentRating>
  <rcgs:ContentRating rdf:about="https://collection.rcgs.jp/resource/RATING0000073">
    <dcterms:title>R18</dcterms:title>
    <rdfs:label>R18</rdfs:label>
    <skos:prefLabel xml:lang="ja">BBFC R18</skos:prefLabel>
    <skos:altLabel>R18 (British Board of Film Classification)</skos:altLabel>
    <dcterms:spatial>London, UK</dcterms:spatial>
    <rcgs:wikidataID>https://www.wikidata.org/wiki/Special:EntityData/Q7274429</rcgs:wikidataID>
    <rdfs:seeAlso>http://www.bbfc.co.uk/</rdfs:seeAlso>
    <dcndl:location>Soho, London, UK</dcndl:location>
    <dcterms:publisher rdf:resource="https://collection.rcgs.jp/resource/AGENT0003273"/>
    <dc:publisher>British Board of Film Classification (BBFC)</dc:publisher>
    <dcterms:description>&quot;Adult works for licensed premises only&quot; - from BBFC website.</dcterms:description>
    <schema:logo>https://upload.wikimedia.org/wikipedia/commons/9/96/BBFC_R18_2002.png</schema:logo>
    <dcterms:source>http://www.bbfc.co.uk/ (accessed 2019-02-19)</dcterms:source>
    <dcterms:source>Wikipedia. https://en.wikipedia.org/wiki/British_Board_of_Film_Classification (accessed 2019-02-19)</dcterms:source>
  </rcgs:ContentRating>
  <rcgs:ContentRating rdf:about="https://collection.rcgs.jp/resource/RATING0000045">
    <dcterms:title>IARC 3+</dcterms:title>
    <rdfs:label>IARC 3+</rdfs:label>
    <skos:prefLabel xml:lang="ja">IARC 3+</skos:prefLabel>
    <skos:altLabel>IARC Ages 3+</skos:altLabel>
    <dcterms:date rdf:datatype="http://purl.org/dc/terms/W3CDTF">2013</dcterms:date>
    <dcterms:publisher rdf:resource="https://collection.rcgs.jp/resource/AGENT0003280"/>
    <dc:publisher>International Age Rating Coalition (IARC)</dc:publisher>
    <dcterms:source>https://www.globalratings.com/ratings-guide.aspx (accessed 2019-02-16)</dcterms:source>
    <dcterms:source>Wikipedia. https://ja.wikipedia.org/wiki/国際年齢評価連合 (accessed 2019-02-19)</dcterms:source>
    <dcterms:source>Wikipedia. https://en.wikipedia.org/wiki/International_Age_Rating_Coalition (accessed 2019-02-19)</dcterms:source>
  </rcgs:ContentRating>
  <rcgs:ContentRating rdf:about="https://collection.rcgs.jp/resource/RATING0000074">
    <dcterms:title>IARC 7+</dcterms:title>
    <rdfs:label>IARC 7+</rdfs:label>
    <skos:prefLabel xml:lang="ja">IARC 7+</skos:prefLabel>
    <skos:altLabel>IARC Ages 7+</skos:altLabel>
    <dcterms:date rdf:datatype="http://purl.org/dc/terms/W3CDTF">2013</dcterms:date>
    <dcterms:publisher rdf:resource="https://collection.rcgs.jp/resource/AGENT0003274"/>
    <dc:publisher>International Age Rating Coalition (IARC)</dc:publisher>
    <dcterms:source>https://www.globalratings.com/ratings-guide.aspx (accessed 2019-02-19)</dcterms:source>
    <dcterms:source>Wikipedia. https://ja.wikipedia.org/wiki/国際年齢評価連合 (accessed 2019-02-19)</dcterms:source>
    <dcterms:source>Wikipedia. https://en.wikipedia.org/wiki/International_Age_Rating_Coalition (accessed 2019-02-19)</dcterms:source>
  </rcgs:ContentRating>
  <rcgs:ContentRating rdf:about="https://collection.rcgs.jp/resource/RATING0000075">
    <dcterms:title>IARC 12+</dcterms:title>
    <rdfs:label>IARC 12+</rdfs:label>
    <skos:prefLabel xml:lang="ja">IARC 12+</skos:prefLabel>
    <skos:altLabel>IARC Ages 12+</skos:altLabel>
    <dcterms:date rdf:datatype="http://purl.org/dc/terms/W3CDTF">2013</dcterms:date>
    <dcterms:publisher rdf:resource="https://collection.rcgs.jp/resource/AGENT0003274"/>
    <dc:publisher>International Age Rating Coalition (IARC)</dc:publisher>
    <dcterms:source>https://www.globalratings.com/ratings-guide.aspx (accessed 2019-02-19)</dcterms:source>
    <dcterms:source>Wikipedia. https://ja.wikipedia.org/wiki/国際年齢評価連合 (accessed 2019-02-19)</dcterms:source>
    <dcterms:source>Wikipedia. https://en.wikipedia.org/wiki/International_Age_Rating_Coalition (accessed 2019-02-19)</dcterms:source>
  </rcgs:ContentRating>
  <rcgs:ContentRating rdf:about="https://collection.rcgs.jp/resource/RATING0000076">
    <dcterms:title>IARC 16+</dcterms:title>
    <rdfs:label>IARC 16+</rdfs:label>
    <skos:prefLabel xml:lang="ja">IARC 16+</skos:prefLabel>
    <skos:altLabel>IARC Ages 16+</skos:altLabel>
    <dcterms:date rdf:datatype="http://purl.org/dc/terms/W3CDTF">2013</dcterms:date>
    <dcterms:publisher rdf:resource="https://collection.rcgs.jp/resource/AGENT0003274"/>
    <dc:publisher>International Age Rating Coalition (IARC)</dc:publisher>
    <dcterms:source>https://www.globalratings.com/ratings-guide.aspx (accessed 2019-02-19)</dcterms:source>
    <dcterms:source>Wikipedia. https://ja.wikipedia.org/wiki/国際年齢評価連合 (accessed 2019-02-19)</dcterms:source>
    <dcterms:source>Wikipedia. https://en.wikipedia.org/wiki/International_Age_Rating_Coalition (accessed 2019-02-19)</dcterms:source>
  </rcgs:ContentRating>
  <rcgs:ContentRating rdf:about="https://collection.rcgs.jp/resource/RATING0000077">
    <dcterms:title>IARC 18+</dcterms:title>
    <rdfs:label>IARC 18+</rdfs:label>
    <skos:prefLabel xml:lang="ja">IARC 18+</skos:prefLabel>
    <skos:altLabel>IARC Ages 18+</skos:altLabel>
    <dcterms:date rdf:datatype="http://purl.org/dc/terms/W3CDTF">2013</dcterms:date>
    <dcterms:publisher rdf:resource="https://collection.rcgs.jp/resource/AGENT0003274"/>
    <dc:publisher>International Age Rating Coalition (IARC)</dc:publisher>
    <dcterms:source>http://www.usk.de/en/classification/classification-procedure/ (accessed 2019-02-16)</dcterms:source>
    <dcterms:source>Wikipedia. https://ja.wikipedia.org/wiki/ソフトウェア事前審査機構 (accessed 2019-02-16)</dcterms:source>
    <dcterms:source>Wikipedia. https://en.wikipedia.org/wiki/Unterhaltungssoftware_Selbstkontrolle (accessed 2019-02-16)</dcterms:source>
    <dcterms:source>Wikipedia. https://fr.wikipedia.org/wiki/Unterhaltungssoftware_Selbstkontrolle (accessed 2019-02-16)</dcterms:source>
  </rcgs:ContentRating>
  <rcgs:ContentRating rdf:about="https://collection.rcgs.jp/resource/RATING0000047">
    <dcterms:title>成人向け</dcterms:title>
    <rdfs:label>成人向け</rdfs:label>
    <skos:prefLabel xml:lang="ja">成人向け</skos:prefLabel>
    <skos:altLabel>成年物指定</skos:altLabel>
    <dcterms:spatial>日本</dcterms:spatial>
    <rcgs:wikidataID>https://www.wikidata.org/wiki/Special:EntityData/Q11495366</rcgs:wikidataID>
    <dcterms:source>Wikipedia. https://ja.wikipedia.org/wiki/成人向け (accessed 2019-02-19)</dcterms:source>
  </rcgs:ContentRating>
  <rcgs:ContentRating rdf:about="https://collection.rcgs.jp/resource/RATING0000049">
    <dcterms:title>E 一般向</dcterms:title>
    <rdfs:label>E 一般向</rdfs:label>
    <skos:prefLabel xml:lang="ja">E 一般向</skos:prefLabel>
  </rcgs:ContentRating>
  <rcgs:ContentRating rdf:about="https://collection.rcgs.jp/resource/RATING0000050">
    <dcterms:title>16歳未満不適</dcterms:title>
    <rdfs:label>16歳未満不適</rdfs:label>
    <skos:prefLabel xml:lang="ja">16歳未満不適</skos:prefLabel>
    <skos:note>3DOで適応されていたレーティング</skos:note>
  </rcgs:ContentRating>
  <rcgs:ContentRating rdf:about="https://collection.rcgs.jp/resource/RATING0000060">
    <dcterms:title>X指定 18才以上</dcterms:title>
    <rdfs:label>X指定 18才以上</rdfs:label>
    <skos:prefLabel xml:lang="ja">X指定 18才以上</skos:prefLabel>
  </rcgs:ContentRating>
  <rcgs:ContentRating rdf:about="https://collection.rcgs.jp/resource/RATING0000094">
    <dcterms:title>CERO (規定適合)</dcterms:title>
    <rdfs:label>CERO (規定適合)</rdfs:label>
    <skos:prefLabel xml:lang="ja">CERO (規定適合)</skos:prefLabel>
    <dcterms:spatial>日本</dcterms:spatial>
    <rdfs:seeAlso>https://www.cero.gr.jp/</rdfs:seeAlso>
    <dcterms:date rdf:datatype="http://purl.org/dc/terms/W3CDTF">2003</dcterms:date>
    <dcndl:location>東京都千代田区</dcndl:location>
    <dcterms:publisher rdf:resource="https://collection.rcgs.jp/resource/AGENT0003271"/>
    <dc:publisher>コンピュータエンターテインメントレーティング機構</dc:publisher>
    <schema:logo>https://upload.wikimedia.org/wikipedia/commons/1/19/CERO_Kitei_Teikikou.svg</schema:logo>
    <dcterms:source>http://www.cero.gr.jp/publics/index/17/</dcterms:source>
    <dcterms:source>https://ja.wikipedia.org/wiki/コンピュータエンターテインメントレーティング機構</dcterms:source>
  </rcgs:ContentRating>
  <rcgs:ContentRating rdf:about="https://collection.rcgs.jp/resource/RATING0000079">
    <dcterms:title>CERO (教育・データベース)</dcterms:title>
    <rdfs:label>CERO (教育・データベース)</rdfs:label>
    <skos:prefLabel xml:lang="ja">CERO (教育・データベース)</skos:prefLabel>
    <dcterms:spatial>日本</dcterms:spatial>
    <rdfs:seeAlso>https://www.cero.gr.jp/</rdfs:seeAlso>
    <dcterms:date rdf:datatype="http://purl.org/dc/terms/W3CDTF">2006</dcterms:date>
    <dcndl:location>東京都千代田区</dcndl:location>
    <dcterms:publisher rdf:resource="https://collection.rcgs.jp/resource/AGENT0003271"/>
    <dc:publisher>コンピュータエンターテインメントレーティング機構</dc:publisher>
    <schema:logo>https://upload.wikimedia.org/wikipedia/commons/8/8f/CERO_Kyouiku_Deitabeisu.svg</schema:logo>
    <dcterms:source>http://www.cero.gr.jp/publics/index/17/</dcterms:source>
    <dcterms:source>https://ja.wikipedia.org/wiki/コンピュータエンターテインメントレーティング機構</dcterms:source>
  </rcgs:ContentRating>
  <rcgs:ContentRating rdf:about="https://collection.rcgs.jp/resource/RATING0000080">
    <dcterms:title>CERO (審査予定 レーティング)</dcterms:title>
    <rdfs:label>CERO (審査予定 レーティング)</rdfs:label>
    <skos:prefLabel xml:lang="ja">CERO (審査予定 レーティング)</skos:prefLabel>
    <skos:altLabel>CERO (審査予定)</skos:altLabel>
    <dcterms:spatial>日本</dcterms:spatial>
    <rdfs:seeAlso>https://www.cero.gr.jp/</rdfs:seeAlso>
    <dcterms:date rdf:datatype="http://purl.org/dc/terms/W3CDTF">2003</dcterms:date>
    <dcndl:location>東京都千代田区</dcndl:location>
    <dcterms:publisher rdf:resource="https://collection.rcgs.jp/resource/AGENT0003271"/>
    <dc:publisher>コンピュータエンターテインメントレーティング機構</dc:publisher>
    <schema:logo>https://upload.wikimedia.org/wikipedia/commons/8/87/CERO_Shin_Sa_Yo_Tei.svg</schema:logo>
    <dcterms:source>http://www.cero.gr.jp/publics/index/17/</dcterms:source>
    <dcterms:source>https://ja.wikipedia.org/wiki/コンピュータエンターテインメントレーティング機構</dcterms:source>
  </rcgs:ContentRating>
  <rcgs:ContentRating rdf:about="https://collection.rcgs.jp/resource/RATING0000081">
    <dcterms:title>7+</dcterms:title>
    <rdfs:label>7+</rdfs:label>
    <skos:prefLabel xml:lang="ja">PEGI 7+</skos:prefLabel>
    <skos:altLabel>7才以上対象</skos:altLabel>
    <dcterms:spatial>Europe ; Israel</dcterms:spatial>
    <rdfs:seeAlso>https://pegi.info/</rdfs:seeAlso>
    <dcterms:date rdf:datatype="http://purl.org/dc/terms/W3CDTF">2003</dcterms:date>
    <dcndl:location>Brussels, Belgium</dcndl:location>
    <dcterms:publisher rdf:resource="https://collection.rcgs.jp/resource/AGENT0003273"/>
    <dc:publisher>Pan European Game Information</dc:publisher>
    <schema:logo>https://upload.wikimedia.org/wikipedia/commons/d/d0/PEGI_7_annotated_%282003-2009%29.svg</schema:logo>
    <dcterms:source>Wikipedia. https://en.wikipedia.org/wiki/Pan_European_Game_Information</dcterms:source>
    <dcterms:source>https://pegi.info/page/what-do-labels-mean</dcterms:source>
    <dcterms:source>Wikipedia. https://ja.wikipedia.org/wiki/汎欧州ゲーム情報</dcterms:source>
  </rcgs:ContentRating>
  <rcgs:ContentRating rdf:about="https://collection.rcgs.jp/resource/RATING0000082">
    <dcterms:title>7</dcterms:title>
    <rdfs:label>7</rdfs:label>
    <skos:prefLabel xml:lang="ja">PEGI 7</skos:prefLabel>
    <skos:altLabel>7才以上対象</skos:altLabel>
    <dcterms:spatial>Europe ; Israel</dcterms:spatial>
    <rdfs:seeAlso>https://pegi.info/</rdfs:seeAlso>
    <dcterms:date rdf:datatype="http://purl.org/dc/terms/W3CDTF">2009-08</dcterms:date>
    <dcndl:location>Brussels, Belgium</dcndl:location>
    <dcterms:publisher rdf:resource="https://collection.rcgs.jp/resource/AGENT0003273"/>
    <dc:publisher>Pan European Game Information</dc:publisher>
    <schema:logo>https://upload.wikimedia.org/wikipedia/commons/2/29/PEGI_7.svg</schema:logo>
    <dcterms:source>Wikipedia. https://en.wikipedia.org/wiki/Pan_European_Game_Information</dcterms:source>
    <dcterms:source>https://pegi.info/page/what-do-labels-mean</dcterms:source>
    <dcterms:source>Wikipedia. https://ja.wikipedia.org/wiki/汎欧州ゲーム情報</dcterms:source>
  </rcgs:ContentRating>
  <rcgs:ContentRating rdf:about="https://collection.rcgs.jp/resource/RATING0000083">
    <dcterms:title>18</dcterms:title>
    <rdfs:label>18</rdfs:label>
    <skos:prefLabel xml:lang="ja">PEGI 18</skos:prefLabel>
    <skos:altLabel>18才以上対象</skos:altLabel>
    <dcterms:spatial>Europe ; Israel</dcterms:spatial>
    <rdfs:seeAlso>https://pegi.info/</rdfs:seeAlso>
    <dcterms:date rdf:datatype="http://purl.org/dc/terms/W3CDTF">2009-08</dcterms:date>
    <dcndl:location>Brussels, Belgium</dcndl:location>
    <dcterms:publisher rdf:resource="https://collection.rcgs.jp/resource/AGENT0003273"/>
    <dc:publisher>Pan European Game Information</dc:publisher>
    <schema:logo>https://upload.wikimedia.org/wikipedia/commons/7/75/PEGI_18.svg</schema:logo>
    <dcterms:source>Wikipedia. https://en.wikipedia.org/wiki/Pan_European_Game_Information</dcterms:source>
    <dcterms:source>https://pegi.info/page/what-do-labels-mean</dcterms:source>
    <dcterms:source>Wikipedia. https://ja.wikipedia.org/wiki/汎欧州ゲーム情報</dcterms:source>
  </rcgs:ContentRating>
  <rcgs:ContentRating rdf:about="https://collection.rcgs.jp/resource/RATING0000084">
    <dcterms:title> 4+</dcterms:title>
    <rdfs:label> 4+</rdfs:label>
    <skos:prefLabel xml:lang="ja">PEGI 4+</skos:prefLabel>
    <rdfs:seeAlso>https://pegi.info/</rdfs:seeAlso>
    <dcterms:date rdf:datatype="http://purl.org/dc/terms/W3CDTF">2003</dcterms:date>
    <dcndl:location>Europe, Portugal</dcndl:location>
    <dcterms:publisher rdf:resource="https://collection.rcgs.jp/resource/AGENT0003273"/>
    <dc:publisher>Pan European Game Information</dc:publisher>
    <dcterms:description>ポルトガルでは、PEGI 3+でなくPEGI 4+を採用している。</dcterms:description>
    <schema:logo>https://upload.wikimedia.org/wikipedia/commons/e/e5/PEGI_4_%282003-2009%29.png</schema:logo>
    <dcterms:source>Wikipedia. https://en.wikipedia.org/wiki/Pan_European_Game_Information</dcterms:source>
    <dcterms:source>https://pegi.info/page/what-do-labels-mean</dcterms:source>
    <dcterms:source>Wikipedia. https://ja.wikipedia.org/wiki/汎欧州ゲーム情報</dcterms:source>
  </rcgs:ContentRating>
  <rcgs:ContentRating rdf:about="https://collection.rcgs.jp/resource/RATING0000085">
    <dcterms:title> 4</dcterms:title>
    <rdfs:label> 4</rdfs:label>
    <skos:prefLabel xml:lang="ja">PEGI 4</skos:prefLabel>
    <rdfs:seeAlso>https://pegi.info/</rdfs:seeAlso>
    <dcterms:date rdf:datatype="http://purl.org/dc/terms/W3CDTF">2009-08</dcterms:date>
    <dcndl:location>Europe, Portugal</dcndl:location>
    <dcterms:publisher rdf:resource="https://collection.rcgs.jp/resource/AGENT0003273"/>
    <dc:publisher>Pan European Game Information</dc:publisher>
    <dcterms:description>ポルトガルでは、PEGI 3でなくPEGI 4を採用している。</dcterms:description>
    <schema:logo>https://upload.wikimedia.org/wikipedia/commons/a/ac/PEGI_4.svg</schema:logo>
    <dcterms:source>Wikipedia. https://en.wikipedia.org/wiki/Pan_European_Game_Information</dcterms:source>
    <dcterms:source>https://pegi.info/page/what-do-labels-mean</dcterms:source>
    <dcterms:source>Wikipedia. https://ja.wikipedia.org/wiki/汎欧州ゲーム情報</dcterms:source>
  </rcgs:ContentRating>
  <rcgs:ContentRating rdf:about="https://collection.rcgs.jp/resource/RATING0000086">
    <dcterms:title> 6</dcterms:title>
    <rdfs:label> 6</rdfs:label>
    <skos:prefLabel xml:lang="ja">PEGI 6</skos:prefLabel>
    <rdfs:seeAlso>https://pegi.info/</rdfs:seeAlso>
    <dcterms:date rdf:datatype="http://purl.org/dc/terms/W3CDTF">2009-08</dcterms:date>
    <dcndl:location>Europe, Portugal</dcndl:location>
    <dcterms:publisher rdf:resource="https://collection.rcgs.jp/resource/AGENT0003273"/>
    <dc:publisher>Pan European Game Information</dc:publisher>
    <dcterms:description>ポルトガルでは、PEGI 7でなくPEGI 6を採用している。</dcterms:description>
    <schema:logo>https://upload.wikimedia.org/wikipedia/commons/6/6f/PEGI_6.svg</schema:logo>
    <dcterms:source>Wikipedia. https://en.wikipedia.org/wiki/Pan_European_Game_Information</dcterms:source>
    <dcterms:source>https://pegi.info/page/what-do-labels-mean</dcterms:source>
    <dcterms:source>Wikipedia. https://ja.wikipedia.org/wiki/汎欧州ゲーム情報</dcterms:source>
  </rcgs:ContentRating>
  <rcgs:ContentRating rdf:about="https://collection.rcgs.jp/resource/RATING0000087">
    <dcterms:title> 6+</dcterms:title>
    <rdfs:label> 6+</rdfs:label>
    <skos:prefLabel xml:lang="ja">PEGI 6+</skos:prefLabel>
    <rdfs:seeAlso>https://pegi.info/</rdfs:seeAlso>
    <dcterms:date rdf:datatype="http://purl.org/dc/terms/W3CDTF">2003</dcterms:date>
    <dcndl:location>Europe, Portugal</dcndl:location>
    <dcterms:publisher rdf:resource="https://collection.rcgs.jp/resource/AGENT0003273"/>
    <dc:publisher>Pan European Game Information</dc:publisher>
    <dcterms:description>ポルトガルでは、PEGI 7+でなくPEGI 6+を採用している。</dcterms:description>
    <schema:logo>https://upload.wikimedia.org/wikipedia/commons/7/7a/PEGI_6_%282003-2009%29.png</schema:logo>
    <dcterms:source>Wikipedia. https://en.wikipedia.org/wiki/Pan_European_Game_Information</dcterms:source>
    <dcterms:source>https://pegi.info/page/what-do-labels-mean</dcterms:source>
    <dcterms:source>Wikipedia. https://ja.wikipedia.org/wiki/汎欧州ゲーム情報</dcterms:source>
  </rcgs:ContentRating>
  <rcgs:ContentRating rdf:about="https://collection.rcgs.jp/resource/RATING0000088">
    <dcterms:title>11+</dcterms:title>
    <rdfs:label>11+</rdfs:label>
    <skos:prefLabel xml:lang="ja">PEGI 11+</skos:prefLabel>
    <rdfs:seeAlso>https://pegi.info/</rdfs:seeAlso>
    <dcterms:date rdf:datatype="http://purl.org/dc/terms/W3CDTF">2003</dcterms:date>
    <dcndl:location>Europe, Finland</dcndl:location>
    <dcterms:publisher rdf:resource="https://collection.rcgs.jp/resource/AGENT0003273"/>
    <dc:publisher>Pan European Game Information</dc:publisher>
    <dcterms:description>フィンランドは、2006年までPEGI 12+ではなくPEGI 11+を採用していた。</dcterms:description>
    <schema:logo>https://upload.wikimedia.org/wikipedia/commons/9/94/PEGI_11_white_%282003-2009%29.png</schema:logo>
    <dcterms:source>Wikipedia. https://en.wikipedia.org/wiki/Pan_European_Game_Information</dcterms:source>
    <dcterms:source>https://pegi.info/page/what-do-labels-mean</dcterms:source>
    <dcterms:source>Wikipedia. https://ja.wikipedia.org/wiki/汎欧州ゲーム情報</dcterms:source>
  </rcgs:ContentRating>
  <rcgs:ContentRating rdf:about="https://collection.rcgs.jp/resource/RATING0000089">
    <dcterms:title>15+</dcterms:title>
    <rdfs:label>15+</rdfs:label>
    <skos:prefLabel xml:lang="ja">PEGI 15+</skos:prefLabel>
    <rdfs:seeAlso>https://pegi.info/</rdfs:seeAlso>
    <dcterms:date rdf:datatype="http://purl.org/dc/terms/W3CDTF">2003</dcterms:date>
    <dcndl:location>Europe, Finland</dcndl:location>
    <dcterms:publisher rdf:resource="https://collection.rcgs.jp/resource/AGENT0003273"/>
    <dc:publisher>Pan European Game Information</dc:publisher>
    <dcterms:description>フィンランドは、2006年までPEGI 16+ではなくPEGI 15+を採用していた。</dcterms:description>
    <schema:logo>https://upload.wikimedia.org/wikipedia/commons/9/9d/PEGI_15_%282003-2009%29.png</schema:logo>
    <dcterms:source>Wikipedia. https://en.wikipedia.org/wiki/Pan_European_Game_Information</dcterms:source>
    <dcterms:source>https://pegi.info/page/what-do-labels-mean</dcterms:source>
    <dcterms:source>Wikipedia. https://ja.wikipedia.org/wiki/汎欧州ゲーム情報</dcterms:source>
  </rcgs:ContentRating>
  <rcgs:ContentRating rdf:about="https://collection.rcgs.jp/resource/RATING0000090">
    <dcterms:title>USK 6</dcterms:title>
    <rdfs:label>USK 6</rdfs:label>
    <skos:prefLabel xml:lang="ja">USK 6</skos:prefLabel>
    <skos:altLabel>6才未満提供禁止</skos:altLabel>
    <skos:altLabel>USK：6</skos:altLabel>
    <dcterms:spatial>Germany</dcterms:spatial>
    <rcgs:wikidataID>https://www.wikidata.org/wiki/Special:EntityData/Q14920391</rcgs:wikidataID>
    <rdfs:seeAlso>http://www.usk.de</rdfs:seeAlso>
    <dcterms:date rdf:datatype="http://purl.org/dc/terms/W3CDTF">2003</dcterms:date>
    <dcndl:location>Berlin, Germany </dcndl:location>
    <dcterms:publisher rdf:resource="https://collection.rcgs.jp/resource/AGENT0003274"/>
    <dc:publisher>Unterhaltungssoftware Selbstkontrolle</dc:publisher>
    <schema:logo>https://upload.wikimedia.org/wikipedia/commons/e/ea/USK_6_%282003-2009%29.svg</schema:logo>
    <dcterms:source>http://www.usk.de/en/classification/classification-procedure/ (accessed 2019-02-16)</dcterms:source>
    <dcterms:source>Wikipedia. https://ja.wikipedia.org/wiki/ソフトウェア事前審査機構 (accessed 2019-02-16)</dcterms:source>
    <dcterms:source>Wikipedia. https://en.wikipedia.org/wiki/Unterhaltungssoftware_Selbstkontrolle (accessed 2019-02-16)</dcterms:source>
    <dcterms:source>Wikipedia. https://fr.wikipedia.org/wiki/Unterhaltungssoftware_Selbstkontrolle (accessed 2019-02-16)</dcterms:source>
  </rcgs:ContentRating>
  <rcgs:ContentRating rdf:about="https://collection.rcgs.jp/resource/RATING0000091">
    <dcterms:title>USK 18</dcterms:title>
    <rdfs:label>USK 18</rdfs:label>
    <skos:prefLabel xml:lang="ja">USK 18</skos:prefLabel>
    <skos:altLabel>18才未満提供禁止</skos:altLabel>
    <skos:altLabel>USK：18</skos:altLabel>
    <dcterms:spatial>Germany</dcterms:spatial>
    <rcgs:wikidataID>https://www.wikidata.org/wiki/Special:EntityData/Q14920394</rcgs:wikidataID>
    <rdfs:seeAlso>http://www.usk.de</rdfs:seeAlso>
    <dcterms:date rdf:datatype="http://purl.org/dc/terms/W3CDTF">2003</dcterms:date>
    <dcndl:location>Berlin, Germany </dcndl:location>
    <dcterms:publisher rdf:resource="https://collection.rcgs.jp/resource/AGENT0003274"/>
    <dc:publisher>Unterhaltungssoftware Selbstkontrolle</dc:publisher>
    <schema:logo>https://upload.wikimedia.org/wikipedia/commons/e/e3/USK_18_%282003-2009%29.svg</schema:logo>
    <dcterms:source>http://www.usk.de/en/classification/classification-procedure/ (accessed 2019-02-16)</dcterms:source>
    <dcterms:source>Wikipedia. https://ja.wikipedia.org/wiki/ソフトウェア事前審査機構 (accessed 2019-02-16)</dcterms:source>
    <dcterms:source>Wikipedia. https://en.wikipedia.org/wiki/Unterhaltungssoftware_Selbstkontrolle (accessed 2019-02-16)</dcterms:source>
    <dcterms:source>Wikipedia. https://fr.wikipedia.org/wiki/Unterhaltungssoftware_Selbstkontrolle (accessed 2019-02-16)</dcterms:source>
  </rcgs:ContentRating>
  <rcgs:ContentRating rdf:about="https://collection.rcgs.jp/resource/RATING0000092">
    <dcterms:title>USK ab 0</dcterms:title>
    <rdfs:label>USK ab 0</rdfs:label>
    <skos:prefLabel xml:lang="ja">USK ab 0</skos:prefLabel>
    <skos:altLabel>全年齢対象</skos:altLabel>
    <skos:altLabel>USK：0</skos:altLabel>
    <dcterms:spatial>Germany</dcterms:spatial>
    <rcgs:wikidataID>https://www.wikidata.org/wiki/Special:EntityData/Q14920387</rcgs:wikidataID>
    <rdfs:seeAlso>http://www.usk.de</rdfs:seeAlso>
    <dcterms:date rdf:datatype="http://purl.org/dc/terms/W3CDTF">2009</dcterms:date>
    <dcndl:location>Berlin, Germany </dcndl:location>
    <dcterms:publisher rdf:resource="https://collection.rcgs.jp/resource/AGENT0003274"/>
    <dc:publisher>Unterhaltungssoftware Selbstkontrolle</dc:publisher>
    <schema:logo>https://upload.wikimedia.org/wikipedia/commons/7/73/USK_0.svg</schema:logo>
    <dcterms:source>http://www.usk.de/en/classification/classification-procedure/ (accessed 2019-02-16)</dcterms:source>
    <dcterms:source>Wikipedia. https://ja.wikipedia.org/wiki/ソフトウェア事前審査機構 (accessed 2019-02-16)</dcterms:source>
    <dcterms:source>Wikipedia. https://en.wikipedia.org/wiki/Unterhaltungssoftware_Selbstkontrolle (accessed 2019-02-16)</dcterms:source>
    <dcterms:source>Wikipedia. https://fr.wikipedia.org/wiki/Unterhaltungssoftware_Selbstkontrolle (accessed 2019-02-16)</dcterms:source>
  </rcgs:ContentRating>
  <rcgs:ContentRating rdf:about="https://collection.rcgs.jp/resource/RATING0000077">
    <dcterms:title>USK ab 16</dcterms:title>
    <rdfs:label>USK ab 16</rdfs:label>
    <skos:prefLabel xml:lang="ja">USK ab 16</skos:prefLabel>
    <skos:altLabel>16才未満提供禁止</skos:altLabel>
    <skos:altLabel>USK：16</skos:altLabel>
    <dcterms:spatial>Germany</dcterms:spatial>
    <rcgs:wikidataID>https://www.wikidata.org/wiki/Special:EntityData/Q14920393</rcgs:wikidataID>
    <rdfs:seeAlso>http://www.usk.de</rdfs:seeAlso>
    <dcterms:date rdf:datatype="http://purl.org/dc/terms/W3CDTF">2009</dcterms:date>
    <dcndl:location>Berlin, Germany </dcndl:location>
    <dcterms:publisher rdf:resource="https://collection.rcgs.jp/resource/AGENT0003274"/>
    <dc:publisher>Unterhaltungssoftware Selbstkontrolle</dc:publisher>
    <schema:logo>https://upload.wikimedia.org/wikipedia/commons/8/8c/USK_16.svg</schema:logo>
    <dcterms:source>http://www.usk.de/en/classification/classification-procedure/ (accessed 2019-02-16)</dcterms:source>
    <dcterms:source>Wikipedia. https://ja.wikipedia.org/wiki/ソフトウェア事前審査機構 (accessed 2019-02-16)</dcterms:source>
    <dcterms:source>Wikipedia. https://en.wikipedia.org/wiki/Unterhaltungssoftware_Selbstkontrolle (accessed 2019-02-16)</dcterms:source>
    <dcterms:source>Wikipedia. https://fr.wikipedia.org/wiki/Unterhaltungssoftware_Selbstkontrolle (accessed 2019-02-16)</dcterms:source>
  </rcgs:ContentRating>
  <rcgs:ContentRating rdf:about="https://collection.rcgs.jp/resource/RATING0000078">
    <dcterms:title>R (R 指定）</dcterms:title>
    <rdfs:label>R (R 指定）</rdfs:label>
    <skos:prefLabel xml:lang="ja">R (R 指定）</skos:prefLabel>
  </rcgs:ContentRating>
</rdf:RDF>
