<?xml version="1.0" ?>
<rdf:RDF xmlns:dc="http://purl.org/dc/elements/1.1/" xmlns:dcndl="http://ndl.go.jp/dcndl/terms/" xmlns:dcterms="http://purl.org/dc/terms/" xmlns:foaf="http://xmlns.com/foaf/0.1/" xmlns:rcgs="https://collection.rcgs.jp/terms/" xmlns:rdf="http://www.w3.org/1999/02/22-rdf-syntax-ns#" xmlns:rdfs="http://www.w3.org/2000/01/rdf-schema#" xmlns:schema="http://schema.org/" xmlns:skos="http://www.w3.org/2004/02/skos/core#">
  <rcgs:Platform rdf:about="https://collection.rcgs.jp/resource/PLATFORM0000001">
    <dcterms:title>AmigaOS (1985)</dcterms:title>
    <rdfs:label>AmigaOS (1985)</rdfs:label>
    <skos:prefLabel xml:lang="ja">AmigaOS</skos:prefLabel>
    <skos:prefLabel xml:lang="en">AmigaOS</skos:prefLabel>
    <skos:altLabel>アミーガOS</skos:altLabel>
    <dcterms:issued rdf:datatype="http://purl.org/dc/terms/W3CDTF">1985</dcterms:issued>
    <dcterms:identifier>https://www.wikidata.org/wiki/Q380526</dcterms:identifier>
    <rcgs:deviceImplimented rdf:resource="https://collection.rcgs.jp/resource/DEVICE0000331"/>
    <rdfs:seeAlso>https://ja.wikipedia.org/wiki/AmigaOS</rdfs:seeAlso>
    <schema:url>https://www.amigaos.net/</schema:url>
    <dcterms:source>Wikipedia. https://ja.wikipedia.org/wiki/AmigaOS (accessed 2019-01-12)</dcterms:source>
    <dcterms:source>https://www.amigaos.net/ (accessed 2019-01-12)</dcterms:source>
    <dcterms:source>DEVICE0000331</dcterms:source>
  </rcgs:Platform>
  <rcgs:Platform rdf:about="https://collection.rcgs.jp/resource/PLATFORM0000002">
    <dcterms:title>Android (2008)</dcterms:title>
    <rdfs:label>Android (2008)</rdfs:label>
    <skos:prefLabel xml:lang="ja">Android</skos:prefLabel>
    <skos:altLabel>アンドロイド</skos:altLabel>
    <dcterms:issued rdf:datatype="http://purl.org/dc/terms/W3CDTF">2008-09-23</dcterms:issued>
    <rdfs:seeAlso>https://ja.wikipedia.org/wiki/Android</rdfs:seeAlso>
    <schema:url>https://www.android.com/</schema:url>
    <dcterms:source>Wikipedia. https://ja.wikipedia.org/wiki/Android (accessed 2019-01-12)</dcterms:source>
    <dcterms:source>https://www.android.com/ (accessed 2019-01-12)</dcterms:source>
    <dcterms:source>https://www.mobygames.com/browse/games/android/ (accessed 2019-01-21)</dcterms:source>
  </rcgs:Platform>
  <rcgs:Platform rdf:about="https://collection.rcgs.jp/resource/PLATFORM0000003">
    <dcterms:title>Apple (deprecated)</dcterms:title>
    <rdfs:label>Apple (deprecated)</rdfs:label>
    <skos:prefLabel xml:lang="ja">Apple (deprecated)</skos:prefLabel>
  </rcgs:Platform>
  <rcgs:Platform rdf:about="https://collection.rcgs.jp/resource/PLATFORM0000004">
    <dcterms:title>Atari PC (deprecated)</dcterms:title>
    <rdfs:label>Atari PC (deprecated)</rdfs:label>
    <skos:prefLabel xml:lang="ja">Atari PC (deprecated)</skos:prefLabel>
  </rcgs:Platform>
  <rcgs:Platform rdf:about="https://collection.rcgs.jp/resource/PLATFORM0000005">
    <dcterms:title>Classic Mac OS (1984)</dcterms:title>
    <rdfs:label>Classic Mac OS (1984)</rdfs:label>
    <skos:prefLabel xml:lang="ja">Classic Mac OS</skos:prefLabel>
    <dcterms:issued rdf:datatype="http://purl.org/dc/terms/W3CDTF">1984-01-24</dcterms:issued>
    <rdfs:seeAlso>https://en.wikipedia.org/wiki/Classic_Mac_OS</rdfs:seeAlso>
    <dcterms:source>Wikipedia. https://ja.wikipedia.org/wiki/Classic_Mac_OS (accessed 2019-01-16)</dcterms:source>
    <dcterms:source>Wikipedia. https://en.wikipedia.org/wiki/Classic_Mac_OS (accessed 2019-01-16)</dcterms:source>
    <dcterms:source>https://discussions.apple.com/community/mac_os/classic_mac_os (accessed 2019-01-16)</dcterms:source>
  </rcgs:Platform>
  <rcgs:Platform rdf:about="https://collection.rcgs.jp/resource/PLATFORM0000006">
    <dcterms:title>Coleco Adam (1983)</dcterms:title>
    <rdfs:label>Coleco Adam (1983)</rdfs:label>
    <skos:prefLabel xml:lang="ja">Coleco Adam</skos:prefLabel>
    <dcterms:issued rdf:datatype="http://purl.org/dc/terms/W3CDTF">1983-10</dcterms:issued>
    <rdfs:seeAlso>https://en.wikipedia.org/wiki/Coleco_Adam</rdfs:seeAlso>
    <dcterms:source>Wikipedia. https://en.wikipedia.org/wiki/Coleco_Adam (accessed 2019-01-16)</dcterms:source>
    <dcterms:source>https://www.mobygames.com/browse/games/colecoadam/ (accessed 2019-01-16)</dcterms:source>
  </rcgs:Platform>
  <rcgs:Platform rdf:about="https://collection.rcgs.jp/resource/PLATFORM0000007">
    <dcterms:title>ColecoVision (1982)</dcterms:title>
    <rdfs:label>ColecoVision (1982)</rdfs:label>
    <skos:prefLabel xml:lang="ja">ColecoVision</skos:prefLabel>
    <skos:altLabel>コレコビジョン</skos:altLabel>
    <dcterms:issued rdf:datatype="http://purl.org/dc/terms/W3CDTF">1982-08</dcterms:issued>
    <rdfs:seeAlso>https://ja.wikipedia.org/wiki/コレコビジョン</rdfs:seeAlso>
    <dcterms:source>Wikipedia. https://en.wikipedia.org/wiki/ColecoVision (accessed 2019-01-16)</dcterms:source>
    <dcterms:source>Wikipedia. https://ja.wikipedia.org/wiki/コレコビジョン (accessed 2019-01-16)</dcterms:source>
    <dcterms:source>https://www.mobygames.com/browse/games/colecovision/ (accessed 2019-01-21)</dcterms:source>
  </rcgs:Platform>
  <rcgs:Platform rdf:about="https://collection.rcgs.jp/resource/PLATFORM0000009">
    <dcterms:title>Commodore 128 (1985)</dcterms:title>
    <rdfs:label>Commodore 128 (1985)</rdfs:label>
    <skos:prefLabel xml:lang="ja">Commodore 128</skos:prefLabel>
    <skos:altLabel>コモドール128</skos:altLabel>
    <skos:altLabel>C128</skos:altLabel>
    <skos:altLabel>CBM 128</skos:altLabel>
    <dcterms:issued rdf:datatype="http://purl.org/dc/terms/W3CDTF">1985</dcterms:issued>
    <rdfs:seeAlso>https://ja.wikipedia.org/wiki/コモドール128</rdfs:seeAlso>
    <dcterms:source>Wikipedia. https://ja.wikipedia.org/wiki/コモドール128 (accessed 2019-01-12)</dcterms:source>
    <dcterms:source>Wikipedia. https://en.wikipedia.org/wiki/Commodore_128 (accessed 2019-01-12)</dcterms:source>
    <dcterms:source>https://www.commodore.ca/manuals/128_system_guide/toc.htm (accessed 2019-01-12)</dcterms:source>
  </rcgs:Platform>
  <rcgs:Platform rdf:about="https://collection.rcgs.jp/resource/PLATFORM0000010">
    <dcterms:title>Commodore 64 (1982)</dcterms:title>
    <rdfs:label>Commodore 64 (1982)</rdfs:label>
    <skos:prefLabel xml:lang="ja">Commodore 64</skos:prefLabel>
    <skos:altLabel>コモドール64</skos:altLabel>
    <skos:altLabel>C64</skos:altLabel>
    <skos:altLabel>CBM 64</skos:altLabel>
    <dcterms:issued rdf:datatype="http://purl.org/dc/terms/W3CDTF">1982-08</dcterms:issued>
    <rdfs:seeAlso>https://ja.wikipedia.org/wiki/コモドール64</rdfs:seeAlso>
    <dcterms:source>Wikipedia. https://ja.wikipedia.org/wiki/コモドール64 (accessed 2019-01-12)</dcterms:source>
    <dcterms:source>Wikipedia. https://en.wikipedia.org/wiki/Commodore_64 (accessed 2019-01-12)</dcterms:source>
    <dcterms:source>https://www.mobygames.com/browse/games/c64/ (accessed 2019-01-20)</dcterms:source>
  </rcgs:Platform>
  <rcgs:Platform rdf:about="https://collection.rcgs.jp/resource/PLATFORM0000011">
    <dcterms:title>FM-8 (1981)</dcterms:title>
    <rdfs:label>FM-8 (1981)</rdfs:label>
    <skos:prefLabel xml:lang="ja">FM-8</skos:prefLabel>
    <skos:altLabel>FUJITSU MICRO 8</skos:altLabel>
    <skos:altLabel>MB25020</skos:altLabel>
    <skos:altLabel>エフ・エム・エイト</skos:altLabel>
    <dcterms:issued rdf:datatype="http://purl.org/dc/terms/W3CDTF">1981-05-20</dcterms:issued>
    <rdfs:seeAlso>https://ja.wikipedia.org/wiki/FM-8</rdfs:seeAlso>
    <dcterms:source>Wikipedia. https://ja.wikipedia.org/wiki/FM-8 (accessed 2019-01-12)</dcterms:source>
    <dcterms:source>http://www.fujitsu.com/jp/about/plus/museum/products/computer/personalcomputer/fm8.html (accessed 2019-01-12)</dcterms:source>
    <dcterms:source>Wikipedia. https://en.wikipedia.org/wiki/FM-8 (accessed 2019-01-12)</dcterms:source>
  </rcgs:Platform>
  <rcgs:Platform rdf:about="https://collection.rcgs.jp/resource/PLATFORM0000012">
    <dcterms:title>IBM PC (1981)</dcterms:title>
    <rdfs:label>IBM PC (1981)</rdfs:label>
    <skos:prefLabel xml:lang="ja">IBM PC</skos:prefLabel>
    <skos:altLabel>IBM 5150</skos:altLabel>
    <dcterms:issued rdf:datatype="http://purl.org/dc/terms/W3CDTF">1981-08-12</dcterms:issued>
    <rdfs:seeAlso>https://ja.wikipedia.org/wiki/IBM_PC </rdfs:seeAlso>
    <dcterms:source>Wikipedia. https://ja.wikipedia.org/wiki/IBM_PC (accessed 2019-01-12)</dcterms:source>
    <dcterms:source>https://www.ibm.com/ibm/history/exhibits/pc/pc_1.html (accessed 2019-01-12)</dcterms:source>
    <dcterms:source>Wikipedia. https://en.wikipedia.org/wiki/IBM_Personal_Computer (accessed 2019-01-12)</dcterms:source>
  </rcgs:Platform>
  <rcgs:Platform rdf:about="https://collection.rcgs.jp/resource/PLATFORM0000013">
    <dcterms:title>IBM PC DOS (1981)</dcterms:title>
    <rdfs:label>IBM PC DOS (1981)</rdfs:label>
    <skos:prefLabel xml:lang="ja">IBM PC DOS</skos:prefLabel>
    <skos:altLabel>IBM DOS</skos:altLabel>
    <dcterms:issued rdf:datatype="http://purl.org/dc/terms/W3CDTF">1981-08</dcterms:issued>
    <rdfs:seeAlso>https://ja.wikipedia.org/wiki/IBM_PC_DOS</rdfs:seeAlso>
    <dcterms:source>Wikipedia. https://ja.wikipedia.org/wiki/IBM_PC_DOS  (accessed 2019-01-12)</dcterms:source>
    <dcterms:source>Wikipedia. https://en.wikipedia.org/wiki/IBM_PC_DOS (accessed 2019-01-12)</dcterms:source>
  </rcgs:Platform>
  <rcgs:Platform rdf:about="https://collection.rcgs.jp/resource/PLATFORM0000015">
    <dcterms:title>IBM PCjr (1984)</dcterms:title>
    <rdfs:label>IBM PCjr (1984)</rdfs:label>
    <skos:prefLabel xml:lang="ja">IBM PCjr</skos:prefLabel>
    <skos:altLabel>IBM 4860</skos:altLabel>
    <skos:altLabel>PCjr</skos:altLabel>
    <dcterms:issued rdf:datatype="http://purl.org/dc/terms/W3CDTF">1984-03</dcterms:issued>
    <rdfs:seeAlso>https://ja.wikipedia.org/wiki/IBM_PCjr  </rdfs:seeAlso>
    <dcterms:source>Wikipedia. https://ja.wikipedia.org/wiki/IBM_PCjr (accessed 2019-01-21)</dcterms:source>
    <dcterms:source>Wikipedia. https://en.wikipedia.org/wiki/IBM_PCjr (accessed 2019-01-21)</dcterms:source>
  </rcgs:Platform>
  <rcgs:Platform rdf:about="https://collection.rcgs.jp/resource/PLATFORM0000016">
    <dcterms:title>Intellivision (1979)</dcterms:title>
    <rdfs:label>Intellivision (1979)</rdfs:label>
    <skos:prefLabel xml:lang="ja">Intellivision</skos:prefLabel>
    <skos:altLabel>インテレビジョン</skos:altLabel>
    <dcterms:issued rdf:datatype="http://purl.org/dc/terms/W3CDTF">1979</dcterms:issued>
    <rdfs:seeAlso>https://ja.wikipedia.org/wiki/インテレビジョン</rdfs:seeAlso>
    <dcterms:source>Wikipedia. https://ja.wikipedia.org/wiki/インテレビジョン (accessed 2019-01-12)</dcterms:source>
    <dcterms:source>Wikipedia. https://en.wikipedia.org/wiki/Intellivision  (accessed 2019-01-12)</dcterms:source>
  </rcgs:Platform>
  <rcgs:Platform rdf:about="https://collection.rcgs.jp/resource/PLATFORM0000020">
    <dcterms:title>macOS (2001)</dcterms:title>
    <rdfs:label>macOS (2001)</rdfs:label>
    <skos:prefLabel xml:lang="ja">macOS</skos:prefLabel>
    <skos:altLabel>OS X</skos:altLabel>
    <skos:altLabel>Mac OS X</skos:altLabel>
    <dcterms:issued rdf:datatype="http://purl.org/dc/terms/W3CDTF">2001-03-24</dcterms:issued>
    <rdfs:seeAlso>https://ja.wikipedia.org/wiki/MacOS </rdfs:seeAlso>
    <dcterms:source>Wikipedia. https://ja.wikipedia.org/wiki/MacOS (accessed 2019-01-12)</dcterms:source>
    <dcterms:source>https://www.apple.com/jp/macos/mojave/ (accessed 2019-01-12)</dcterms:source>
  </rcgs:Platform>
  <rcgs:Platform rdf:about="https://collection.rcgs.jp/resource/PLATFORM0000021">
    <dcterms:title>Microsoft Windows (1985)</dcterms:title>
    <rdfs:label>Microsoft Windows (1985)</rdfs:label>
    <skos:prefLabel xml:lang="ja">Microsoft Windows</skos:prefLabel>
    <skos:altLabel>マイクロソフト ウィンドウズ</skos:altLabel>
    <dcterms:issued rdf:datatype="http://purl.org/dc/terms/W3CDTF">1985-11-20</dcterms:issued>
    <rdfs:seeAlso>https://ja.wikipedia.org/wiki/Microsoft_Windows</rdfs:seeAlso>
    <dcterms:source>Wikipedia. https://ja.wikipedia.org/wiki/Microsoft_Windows (accessed 2019-01-12)</dcterms:source>
    <dcterms:source>Wikipedia. https://en.wikipedia.org/wiki/Microsoft_Windows (accessed 2019-01-12)</dcterms:source>
    <dcterms:source>http://www.microsoft.com/ja-jp/windows    (accessed 2019-01-12)</dcterms:source>
  </rcgs:Platform>
  <rcgs:Platform rdf:about="https://collection.rcgs.jp/resource/PLATFORM0000022">
    <dcterms:title>MS-DOS (2000)</dcterms:title>
    <rdfs:label>MS-DOS (2000)</rdfs:label>
    <skos:prefLabel xml:lang="ja">MS-DOS</skos:prefLabel>
    <skos:altLabel>エムエス-ディーオーエス</skos:altLabel>
    <dcterms:issued rdf:datatype="http://purl.org/dc/terms/W3CDTF">2000-09-14</dcterms:issued>
    <rdfs:seeAlso>https://ja.wikipedia.org/wiki/MS-DOS </rdfs:seeAlso>
    <dcterms:source>Wikipedia. https://ja.wikipedia.org/wiki/MS-DOS (accessed 2019-01-12)</dcterms:source>
    <dcterms:source>Wikipedia. https://en.wikipedia.org/wiki/MS-DOS (accessed 2019-01-12)</dcterms:source>
  </rcgs:Platform>
  <rcgs:Platform rdf:about="https://collection.rcgs.jp/resource/PLATFORM0000023">
    <dcterms:title>MSX (1983)</dcterms:title>
    <rdfs:label>MSX (1983)</rdfs:label>
    <skos:prefLabel xml:lang="ja">MSX</skos:prefLabel>
    <skos:altLabel>エム・エス・エックス</skos:altLabel>
    <dcterms:issued rdf:datatype="http://purl.org/dc/terms/W3CDTF">1983</dcterms:issued>
    <rdfs:seeAlso>https://ja.wikipedia.org/wiki/MSX</rdfs:seeAlso>
    <dcterms:source>Wikipedia. https://ja.wikipedia.org/wiki/MSX (accessed 2019-01-21)</dcterms:source>
    <dcterms:source>Wikipedia. https://en.wikipedia.org/wiki/MSX (accessed 2019-01-21)</dcterms:source>
    <dcterms:source>https://www.mobygames.com/browse/games/msx/ (accessed 2019-01-21)</dcterms:source>
  </rcgs:Platform>
  <rcgs:Platform rdf:about="https://collection.rcgs.jp/resource/PLATFORM0000024">
    <dcterms:title>MSX2 (1985)</dcterms:title>
    <rdfs:label>MSX2 (1985)</rdfs:label>
    <skos:prefLabel xml:lang="ja">MSX2</skos:prefLabel>
    <skos:altLabel>エム・エス・エックス・ツー</skos:altLabel>
    <dcterms:issued rdf:datatype="http://purl.org/dc/terms/W3CDTF">1985</dcterms:issued>
    <rdfs:seeAlso>https://ja.wikipedia.org/wiki/MSX2</rdfs:seeAlso>
    <dcterms:source>Wikipedia. https://ja.wikipedia.org/wiki/MSX2 (accessed 2019-01-12)</dcterms:source>
  </rcgs:Platform>
  <rcgs:Platform rdf:about="https://collection.rcgs.jp/resource/PLATFORM0000025">
    <dcterms:title>Nintendo Entertainment System (1983)</dcterms:title>
    <rdfs:label>Nintendo Entertainment System (1983)</rdfs:label>
    <skos:prefLabel xml:lang="ja">Nintendo Entertainment System</skos:prefLabel>
    <skos:altLabel>NES</skos:altLabel>
    <skos:altLabel>ニンテンドーエンターテインメントシステム</skos:altLabel>
    <skos:altLabel>CONTROL DECK</skos:altLabel>
    <dcterms:issued rdf:datatype="http://purl.org/dc/terms/W3CDTF">1983-07-15</dcterms:issued>
    <rcgs:deviceImplimented rdf:resource="https://collection.rcgs.jp/resource/DEVICE0000284"/>
    <rdfs:seeAlso>https://ja.wikipedia.org/wiki/Nintendo_Entertainment_System</rdfs:seeAlso>
    <dcterms:source>Wikipedia. https://ja.wikipedia.org/wiki/Nintendo_Entertainment_System (accessed 2019-01-21)</dcterms:source>
    <dcterms:source>DEVICE0000284</dcterms:source>
    <dcterms:source>https://www.mobygames.com/browse/games/nes/ (accessed 2019-01-21)</dcterms:source>
  </rcgs:Platform>
  <rcgs:Platform rdf:about="https://collection.rcgs.jp/resource/PLATFORM0000026">
    <dcterms:title>Nintendo Switch (2017)</dcterms:title>
    <rdfs:label>Nintendo Switch (2017)</rdfs:label>
    <skos:prefLabel xml:lang="ja">Nintendo Switch</skos:prefLabel>
    <skos:altLabel>ニンテンドースイッチ</skos:altLabel>
    <dcterms:issued rdf:datatype="http://purl.org/dc/terms/W3CDTF">2017-03-03</dcterms:issued>
    <rdfs:seeAlso>https://ja.wikipedia.org/wiki/Nintendo_Switch</rdfs:seeAlso>
    <schema:url>https://www.nintendo.co.jp/hardware/switch/</schema:url>
    <dcterms:source>Wikipedia. https://ja.wikipedia.org/wiki/Nintendo_Switch (accessed 2019-01-21)</dcterms:source>
    <dcterms:source>https://www.nintendo.co.jp/hardware/switch/ (accessed 2019-01-21)</dcterms:source>
    <dcterms:source>https://www.mobygames.com/browse/games/switch/ (accessed 2019-01-21)</dcterms:source>
  </rcgs:Platform>
  <rcgs:Platform rdf:about="https://collection.rcgs.jp/resource/PLATFORM0000027">
    <dcterms:title>NINTENDO64 (1996)</dcterms:title>
    <rdfs:label>NINTENDO64 (1996)</rdfs:label>
    <skos:prefLabel xml:lang="ja">NINTENDO64</skos:prefLabel>
    <skos:altLabel>64（ロクヨン）</skos:altLabel>
    <skos:altLabel>N64</skos:altLabel>
    <dcterms:issued rdf:datatype="http://purl.org/dc/terms/W3CDTF">1996-06-23</dcterms:issued>
    <rcgs:deviceImplimented rdf:resource="https://collection.rcgs.jp/resource/DEVICE0000102"/>
    <rcgs:deviceImplimented rdf:resource="https://collection.rcgs.jp/resource/DEVICE0000193"/>
    <rcgs:deviceImplimented rdf:resource="https://collection.rcgs.jp/resource/DEVICE0000287"/>
    <rcgs:deviceImplimented rdf:resource="https://collection.rcgs.jp/resource/DEVICE0000354"/>
    <rdfs:seeAlso>https://ja.wikipedia.org/wiki/NINTENDO64</rdfs:seeAlso>
    <dcterms:source>Wikipedia. https://ja.wikipedia.org/wiki/NINTENDO64 (accessed 2019-01-21)</dcterms:source>
    <dcterms:source>Wikipedia. https://en.wikipedia.org/wiki/Nintendo_64 (accessed 2019-01-21)</dcterms:source>
    <dcterms:source>DEVICE0000102</dcterms:source>
    <dcterms:source>https://www.nintendo.com/consumer/systems/nintendo64/index.jsp (accessed 2019-01-21)</dcterms:source>
    <dcterms:source>https://www.mobygames.com/browse/games/n64/ (accessed 2019-01-21)</dcterms:source>
  </rcgs:Platform>
  <rcgs:Platform rdf:about="https://collection.rcgs.jp/resource/PLATFORM0000029">
    <dcterms:title>PC-8801 (1981)</dcterms:title>
    <rdfs:label>PC-8801 (1981)</rdfs:label>
    <skos:prefLabel xml:lang="ja">PC-8801</skos:prefLabel>
    <skos:altLabel>PC-88</skos:altLabel>
    <dcterms:issued rdf:datatype="http://purl.org/dc/terms/W3CDTF">1981-12</dcterms:issued>
    <dcterms:source>Wikipedia. https://ja.wikipedia.org/wiki/PC-8800シリーズ (accessed 2019-01-21)</dcterms:source>
    <dcterms:source>Wikipedia. https://en.wikipedia.org/wiki/PC-8800_series (accessed 2019-01-21)</dcterms:source>
    <dcterms:source>https://www.mobygames.com/browse/games/pc88/ (accessed 2019-01-21)</dcterms:source>
  </rcgs:Platform>
  <rcgs:Platform rdf:about="https://collection.rcgs.jp/resource/PLATFORM0000030">
    <dcterms:title>PC-9801 (1982)</dcterms:title>
    <rdfs:label>PC-9801 (1982)</rdfs:label>
    <skos:prefLabel xml:lang="ja">PC-9801</skos:prefLabel>
    <skos:altLabel>98</skos:altLabel>
    <skos:altLabel>PC-98</skos:altLabel>
    <dcterms:issued rdf:datatype="http://purl.org/dc/terms/W3CDTF">1982-10</dcterms:issued>
    <dcterms:source>Wikipedia. https://ja.wikipedia.org/wiki/PC-9800シリーズ (accessed 2019-01-21)</dcterms:source>
    <dcterms:source>Wikipedia. https://en.wikipedia.org/wiki/PC-9800_series (accessed 2019-01-21)</dcterms:source>
    <dcterms:source>https://www.mobygames.com/browse/games/pc98/ (accessed 2019-01-21)</dcterms:source>
  </rcgs:Platform>
  <rcgs:Platform rdf:about="https://collection.rcgs.jp/resource/PLATFORM0000031">
    <dcterms:title>PC-FX (1994)</dcterms:title>
    <rdfs:label>PC-FX (1994)</rdfs:label>
    <skos:prefLabel xml:lang="ja">PC-FX</skos:prefLabel>
    <skos:altLabel>ピーシー エフエックス</skos:altLabel>
    <dcterms:issued rdf:datatype="http://purl.org/dc/terms/W3CDTF">1994-12-23</dcterms:issued>
    <rcgs:deviceImplimented rdf:resource="https://collection.rcgs.jp/resource/DEVICE0000234"/>
    <rdfs:seeAlso>https://ja.wikipedia.org/wiki/PC-FX</rdfs:seeAlso>
    <dcterms:source>Wikipedia. https://ja.wikipedia.org/wiki/PC-FX (accessed 2019-01-12)</dcterms:source>
    <dcterms:source>Wikipedia. https://en.wikipedia.org/wiki/PC-FX (accessed 2019-01-12)</dcterms:source>
    <dcterms:source>DEVICE0000234</dcterms:source>
  </rcgs:Platform>
  <rcgs:Platform rdf:about="https://collection.rcgs.jp/resource/PLATFORM0000032">
    <dcterms:title>PCエンジン (1987)</dcterms:title>
    <rdfs:label>PCエンジン (1987)</rdfs:label>
    <skos:prefLabel xml:lang="ja">PCエンジン</skos:prefLabel>
    <skos:altLabel>TurboGrafx-16</skos:altLabel>
    <skos:altLabel>PC Engine</skos:altLabel>
    <dcterms:issued rdf:datatype="http://purl.org/dc/terms/W3CDTF">1987-10-30</dcterms:issued>
    <rcgs:deviceImplimented rdf:resource="https://collection.rcgs.jp/resource/DEVICE0000205"/>
    <rcgs:deviceImplimented rdf:resource="https://collection.rcgs.jp/resource/DEVICE0000214"/>
    <rcgs:deviceImplimented rdf:resource="https://collection.rcgs.jp/resource/DEVICE0000277"/>
    <rdfs:seeAlso>https://ja.wikipedia.org/wiki/PCエンジン </rdfs:seeAlso>
    <dcterms:source>Wikipedia. https://ja.wikipedia.org/wiki/PCエンジン  (accessed 2019-01-12)</dcterms:source>
    <dcterms:source>DEVICE0000205</dcterms:source>
    <dcterms:source>Wikipedia. https://en.wikipedia.org/wiki/TurboGrafx-16 (accessed 2019-01-12)</dcterms:source>
    <dcterms:source>https://www.mobygames.com/browse/games/turbo-grafx/ (accessed 2019-01-20)</dcterms:source>
  </rcgs:Platform>
  <rcgs:Platform rdf:about="https://collection.rcgs.jp/resource/PLATFORM0000034">
    <dcterms:title>SC-3000 (1983)</dcterms:title>
    <rdfs:label>SC-3000 (1983)</rdfs:label>
    <skos:prefLabel xml:lang="ja">SC-3000</skos:prefLabel>
    <dcterms:issued rdf:datatype="http://purl.org/dc/terms/W3CDTF">1983-07-15</dcterms:issued>
    <rcgs:deviceImplimented rdf:resource="https://collection.rcgs.jp/resource/DEVICE0000296"/>
    <rdfs:seeAlso>https://ja.wikipedia.org/wiki/SC-3000 </rdfs:seeAlso>
    <dcterms:source>Wikipedia. https://ja.wikipedia.org/wiki/SC-3000 (accessed 2019-01-12)</dcterms:source>
    <dcterms:source>https://sega.jp/history/hard/sc3000/index.html (accessed 2019-01-12)</dcterms:source>
    <dcterms:source>DEVICE0000296</dcterms:source>
  </rcgs:Platform>
  <rcgs:Platform rdf:about="https://collection.rcgs.jp/resource/PLATFORM0000035">
    <dcterms:title>SEGAマーク3 (1985)</dcterms:title>
    <rdfs:label>SEGAマーク3 (1985)</rdfs:label>
    <skos:prefLabel xml:lang="ja">SEGAマーク3</skos:prefLabel>
    <skos:altLabel>SEGA Mark3</skos:altLabel>
    <skos:altLabel>セガ・マークIII</skos:altLabel>
    <skos:altLabel>Sega Mark III</skos:altLabel>
    <dcterms:issued rdf:datatype="http://purl.org/dc/terms/W3CDTF">1985-10-20</dcterms:issued>
    <rdfs:seeAlso>https://ja.wikipedia.org/wiki/セガ・マークIII</rdfs:seeAlso>
    <dcterms:source>Wikipedia. https://ja.wikipedia.org/wiki/セガ・マークIII (accessed 2019-01-12)</dcterms:source>
    <dcterms:source>Wikipedia. https://en.wikipedia.org/wiki/Master_System (accessed 2019-01-12)</dcterms:source>
  </rcgs:Platform>
  <rcgs:Platform rdf:about="https://collection.rcgs.jp/resource/PLATFORM0000036">
    <dcterms:title>SG-1000 (1983)</dcterms:title>
    <rdfs:label>SG-1000 (1983)</rdfs:label>
    <skos:prefLabel xml:lang="ja">SG-1000</skos:prefLabel>
    <dcterms:issued rdf:datatype="http://purl.org/dc/terms/W3CDTF">1983-07-15</dcterms:issued>
    <rcgs:deviceImplimented rdf:resource="https://collection.rcgs.jp/resource/DEVICE0000327"/>
    <rdfs:seeAlso>https://ja.wikipedia.org/wiki/SG-1000</rdfs:seeAlso>
    <dcterms:source>Wikipedia. https://ja.wikipedia.org/wiki/SG-1000 (accessed 2019-01-12)</dcterms:source>
    <dcterms:source>Wikipedia. https://en.wikipedia.org/wiki/SG-1000 (accessed 2019-01-12)</dcterms:source>
    <dcterms:source>https://sega.jp/history/hard/sg1000/index.html (accessed 2019-01-12)</dcterms:source>
    <dcterms:source>DEVICE0000327</dcterms:source>
  </rcgs:Platform>
  <rcgs:Platform rdf:about="https://collection.rcgs.jp/resource/PLATFORM0000037">
    <dcterms:title>TVボーイ (1983)</dcterms:title>
    <rdfs:label>TVボーイ (1983)</rdfs:label>
    <skos:prefLabel xml:lang="ja">TVボーイ</skos:prefLabel>
    <skos:altLabel>テレビボーイ</skos:altLabel>
    <dcterms:issued rdf:datatype="http://purl.org/dc/terms/W3CDTF">1983-10</dcterms:issued>
    <rdfs:seeAlso>https://ja.wikipedia.org/wiki/TVボーイ </rdfs:seeAlso>
    <dcterms:source>Wikipedia. https://ja.wikipedia.org/wiki/TVボーイ (accessed 2019-01-12)</dcterms:source>
  </rcgs:Platform>
  <rcgs:Platform rdf:about="https://collection.rcgs.jp/resource/PLATFORM0000038">
    <dcterms:title>Wii (2006)</dcterms:title>
    <rdfs:label>Wii (2006)</rdfs:label>
    <skos:prefLabel xml:lang="ja">Wii</skos:prefLabel>
    <skos:altLabel>ウィー</skos:altLabel>
    <skos:altLabel>Nintendo Wii</skos:altLabel>
    <dcterms:issued rdf:datatype="http://purl.org/dc/terms/W3CDTF">2006</dcterms:issued>
    <rcgs:deviceImplimented rdf:resource="https://collection.rcgs.jp/resource/DEVICE0000129"/>
    <rcgs:deviceImplimented rdf:resource="https://collection.rcgs.jp/resource/DEVICE0000197"/>
    <rcgs:deviceImplimented rdf:resource="https://collection.rcgs.jp/resource/DEVICE0000289"/>
    <rdfs:seeAlso>https://ja.wikipedia.org/wiki/Wii</rdfs:seeAlso>
    <schema:url>https://www.nintendo.co.jp/wii/</schema:url>
    <dcterms:source>Wikipedia. https://ja.wikipedia.org/wiki/Wii (accessed 2019-01-12)</dcterms:source>
    <dcterms:source>Wikipedia. https://en.wikipedia.org/wiki/Wii (accessed 2019-01-12)</dcterms:source>
    <dcterms:source>DEVICE0000129</dcterms:source>
    <dcterms:source>https://www.mobygames.com/browse/games/wii/ (accessed 2019-01-20)</dcterms:source>
  </rcgs:Platform>
  <rcgs:Platform rdf:about="https://collection.rcgs.jp/resource/PLATFORM0000039">
    <dcterms:title>Wii U (2012)</dcterms:title>
    <rdfs:label>Wii U (2012)</rdfs:label>
    <skos:prefLabel xml:lang="ja">Wii U</skos:prefLabel>
    <skos:altLabel>ウィーユー</skos:altLabel>
    <dcterms:issued rdf:datatype="http://purl.org/dc/terms/W3CDTF">2012</dcterms:issued>
    <rcgs:deviceImplimented rdf:resource="https://collection.rcgs.jp/resource/DEVICE0000225"/>
    <rcgs:deviceImplimented rdf:resource="https://collection.rcgs.jp/resource/DEVICE0000280"/>
    <rdfs:seeAlso>https://ja.wikipedia.org/wiki/Wii_U </rdfs:seeAlso>
    <schema:url>https://www.nintendo.co.jp/hardware/wiiu/index.html</schema:url>
    <dcterms:source>Wikipedia. https://ja.wikipedia.org/wiki/Wii_U (accessed 2019-01-12)</dcterms:source>
    <dcterms:source>Wikipedia. https://en.wikipedia.org/wiki/Wii_U (accessed 2019-01-12)</dcterms:source>
    <dcterms:source>DEVICE0000225</dcterms:source>
  </rcgs:Platform>
  <rcgs:Platform rdf:about="https://collection.rcgs.jp/resource/PLATFORM0000040">
    <dcterms:title>X1 (1982)</dcterms:title>
    <rdfs:label>X1 (1982)</rdfs:label>
    <skos:prefLabel xml:lang="ja">X1</skos:prefLabel>
    <skos:altLabel>パソコンテレビX1</skos:altLabel>
    <skos:altLabel>CZ-800C</skos:altLabel>
    <skos:altLabel>Sharp X1</skos:altLabel>
    <dcterms:issued rdf:datatype="http://purl.org/dc/terms/W3CDTF">1982-11</dcterms:issued>
    <rdfs:seeAlso>https://ja.wikipedia.org/wiki/X1_(コンピュータ) </rdfs:seeAlso>
    <dcterms:source>Wikipedia. https://ja.wikipedia.org/wiki/X1_(コンピュータ) (accessed 2019-01-12)</dcterms:source>
    <dcterms:source>Wikipedia. https://en.wikipedia.org/wiki/X1_(computer) (accessed 2019-01-12)</dcterms:source>
  </rcgs:Platform>
  <rcgs:Platform rdf:about="https://collection.rcgs.jp/resource/PLATFORM0000041">
    <dcterms:title>X68000 (1987)</dcterms:title>
    <rdfs:label>X68000 (1987)</rdfs:label>
    <skos:prefLabel xml:lang="ja">X68000</skos:prefLabel>
    <skos:altLabel>X68k</skos:altLabel>
    <skos:altLabel>ペケロッパ</skos:altLabel>
    <skos:altLabel>ロクハチ</skos:altLabel>
    <dcterms:issued rdf:datatype="http://purl.org/dc/terms/W3CDTF">1987-03-28</dcterms:issued>
    <rdfs:seeAlso>https://ja.wikipedia.org/wiki/X68000</rdfs:seeAlso>
    <skos:note>Sharp X68000</skos:note>
    <dcterms:source>Wikipedia. https://ja.wikipedia.org/wiki/X68000 (accessed 2019-01-12)</dcterms:source>
    <dcterms:source>Wikipedia. https://en.wikipedia.org/wiki/X68000 (accessed 2019-01-12)</dcterms:source>
    <dcterms:source>https://www.mobygames.com/browse/games/sharp-x68000/ (accessed 2019-01-21)</dcterms:source>
  </rcgs:Platform>
  <rcgs:Platform rdf:about="https://collection.rcgs.jp/resource/PLATFORM0000042">
    <dcterms:title>Xbox (2001)</dcterms:title>
    <rdfs:label>Xbox (2001)</rdfs:label>
    <skos:prefLabel xml:lang="ja">Xbox</skos:prefLabel>
    <skos:altLabel>エックスボックス</skos:altLabel>
    <dcterms:issued rdf:datatype="http://purl.org/dc/terms/W3CDTF">2001-11-15</dcterms:issued>
    <rcgs:deviceImplimented rdf:resource="https://collection.rcgs.jp/resource/DEVICE0000213"/>
    <rdfs:seeAlso>https://ja.wikipedia.org/wiki/Xbox</rdfs:seeAlso>
    <dcterms:source>Wikipedia. https://ja.wikipedia.org/wiki/Xbox (accessed 2019-01-12)</dcterms:source>
    <dcterms:source>Wikipedia. https://en.wikipedia.org/wiki/Xbox (accessed 2019-01-12)</dcterms:source>
    <dcterms:source>https://www.xbox.com/ja-JP/?xr=mebarnav (accessed 2019-01-12)</dcterms:source>
    <dcterms:source>DEVICE0000213</dcterms:source>
    <dcterms:source>https://www.mobygames.com/browse/games/xbox/ (accessed 2019-01-20)</dcterms:source>
  </rcgs:Platform>
  <rcgs:Platform rdf:about="https://collection.rcgs.jp/resource/PLATFORM0000043">
    <dcterms:title>Xbox 360 (2005)</dcterms:title>
    <rdfs:label>Xbox 360 (2005)</rdfs:label>
    <skos:prefLabel xml:lang="ja">Xbox 360</skos:prefLabel>
    <skos:altLabel>エックスボックス サンロクマル</skos:altLabel>
    <skos:altLabel>X360</skos:altLabel>
    <dcterms:issued rdf:datatype="http://purl.org/dc/terms/W3CDTF">2005</dcterms:issued>
    <rcgs:deviceImplimented rdf:resource="https://collection.rcgs.jp/resource/DEVICE0000097"/>
    <rcgs:deviceImplimented rdf:resource="https://collection.rcgs.jp/resource/DEVICE0000282"/>
    <rdfs:seeAlso>https://ja.wikipedia.org/wiki/Xbox_360 </rdfs:seeAlso>
    <dcterms:source>Wikipedia. https://ja.wikipedia.org/wiki/Xbox_360 (accessed 2019-01-12)</dcterms:source>
    <dcterms:source>DEVICE0000282</dcterms:source>
    <dcterms:source>Wikipedia. https://en.wikipedia.org/wiki/Xbox_360 (accessed 2019-01-12)</dcterms:source>
  </rcgs:Platform>
  <rcgs:Platform rdf:about="https://collection.rcgs.jp/resource/PLATFORM0000044">
    <dcterms:title>Xbox One (2013)</dcterms:title>
    <rdfs:label>Xbox One (2013)</rdfs:label>
    <skos:prefLabel xml:lang="ja">Xbox One</skos:prefLabel>
    <skos:altLabel>XONE</skos:altLabel>
    <skos:altLabel>XB-ONE</skos:altLabel>
    <dcterms:issued rdf:datatype="http://purl.org/dc/terms/W3CDTF">2013</dcterms:issued>
    <rcgs:deviceImplimented rdf:resource="https://collection.rcgs.jp/resource/DEVICE0000330"/>
    <rdfs:seeAlso>https://ja.wikipedia.org/wiki/Xbox_One </rdfs:seeAlso>
    <dcterms:source>https://ja.wikipedia.org/wiki/Xbox_One (accessed 2019-01-12)</dcterms:source>
    <dcterms:source>DEVICE0000330</dcterms:source>
    <dcterms:source>https://www.xbox.com/ja-JP/ (accessed 2019-01-12)</dcterms:source>
    <dcterms:source>https://www.mobygames.com/browse/games/xbox-one/ (accessed 2019-01-20)</dcterms:source>
  </rcgs:Platform>
  <rcgs:Platform rdf:about="https://collection.rcgs.jp/resource/PLATFORM0000045">
    <dcterms:title>ZX Spectrum (1982)</dcterms:title>
    <rdfs:label>ZX Spectrum (1982)</rdfs:label>
    <skos:prefLabel xml:lang="ja">ZX Spectrum</skos:prefLabel>
    <skos:altLabel>ゼットエックス スペクトラム</skos:altLabel>
    <dcterms:issued rdf:datatype="http://purl.org/dc/terms/W3CDTF">1982-04-23</dcterms:issued>
    <rdfs:seeAlso>https://ja.wikipedia.org/wiki/ZX_Spectrum </rdfs:seeAlso>
    <dcterms:source>https://ja.wikipedia.org/wiki/ZX_Spectrum (accessed 2019-01-12)</dcterms:source>
    <dcterms:source>https://en.wikipedia.org/wiki/ZX_Spectrum (accessed 2019-01-12)</dcterms:source>
    <dcterms:source>https://www.mobygames.com/browse/games/zx-spectrum/ (accessed 2019-01-21)</dcterms:source>
  </rcgs:Platform>
  <rcgs:Platform rdf:about="https://collection.rcgs.jp/resource/PLATFORM0000046">
    <dcterms:title>ゲームアーカイブス (2006)</dcterms:title>
    <rdfs:label>ゲームアーカイブス (2006)</rdfs:label>
    <skos:prefLabel xml:lang="ja">ゲームアーカイブス</skos:prefLabel>
    <dcterms:issued rdf:datatype="http://purl.org/dc/terms/W3CDTF">2006</dcterms:issued>
    <rdfs:seeAlso>https://ja.wikipedia.org/wiki/ゲームアーカイブス</rdfs:seeAlso>
    <skos:note>オンラインサービスのため、公開者名が明確ではない。</skos:note>
    <dcterms:source>https://ja.wikipedia.org/wiki/ゲームアーカイブス (accessed 2019-01-12)</dcterms:source>
  </rcgs:Platform>
  <rcgs:Platform rdf:about="https://collection.rcgs.jp/resource/PLATFORM0000047">
    <dcterms:title>ゲームギア (1990)</dcterms:title>
    <rdfs:label>ゲームギア (1990)</rdfs:label>
    <skos:prefLabel xml:lang="ja">ゲームギア</skos:prefLabel>
    <skos:altLabel>GAME GEAR</skos:altLabel>
    <dcterms:issued rdf:datatype="http://purl.org/dc/terms/W3CDTF">1990-10-06</dcterms:issued>
    <rcgs:deviceImplimented rdf:resource="https://collection.rcgs.jp/resource/DEVICE0000335"/>
    <rcgs:deviceImplimented rdf:resource="https://collection.rcgs.jp/resource/DEVICE0000336"/>
    <rdfs:seeAlso>https://ja.wikipedia.org/wiki/ゲームギア </rdfs:seeAlso>
    <dcterms:source>https://ja.wikipedia.org/wiki/ゲームギア (accessed 2019-01-12)</dcterms:source>
    <dcterms:source>DEVICE0000335</dcterms:source>
    <dcterms:source>https://sega.jp/history/hard/gamegear/index.html (accessed 2019-01-12)</dcterms:source>
    <dcterms:source>https://en.wikipedia.org/wiki/Game_Gear (accessed 2019-01-12)</dcterms:source>
  </rcgs:Platform>
  <rcgs:Platform rdf:about="https://collection.rcgs.jp/resource/PLATFORM0000048">
    <dcterms:title>ゲームボーイ (1989)</dcterms:title>
    <rdfs:label>ゲームボーイ (1989)</rdfs:label>
    <skos:prefLabel xml:lang="ja">ゲームボーイ</skos:prefLabel>
    <skos:altLabel>Game Boy</skos:altLabel>
    <skos:altLabel>GB</skos:altLabel>
    <dcterms:issued rdf:datatype="http://purl.org/dc/terms/W3CDTF">1989-04-21</dcterms:issued>
    <rcgs:deviceImplimented rdf:resource="https://collection.rcgs.jp/resource/DEVICE0000252"/>
    <rcgs:deviceImplimented rdf:resource="https://collection.rcgs.jp/resource/DEVICE0000298"/>
    <rcgs:deviceImplimented rdf:resource="https://collection.rcgs.jp/resource/DEVICE0000302"/>
    <rdfs:seeAlso>https://ja.wikipedia.org/wiki/ゲームギア </rdfs:seeAlso>
    <dcterms:source>https://ja.wikipedia.org/wiki/ゲームボーイ   (accessed 2019-01-21)</dcterms:source>
    <dcterms:source>DEVICE0000252</dcterms:source>
    <dcterms:source>https://en.wikipedia.org/wiki/Game_Boy (accessed 2019-01-12)</dcterms:source>
    <dcterms:source>https://www.nintendo.co.jp/n02/dmg/index.html (accessed 2019-01-12)</dcterms:source>
    <dcterms:source>https://www.mobygames.com/browse/games/gameboy/ (accessed 2019-01-21)</dcterms:source>
  </rcgs:Platform>
  <rcgs:Platform rdf:about="https://collection.rcgs.jp/resource/PLATFORM0000049">
    <dcterms:title>ゲームボーイアドバンス (2001)</dcterms:title>
    <rdfs:label>ゲームボーイアドバンス (2001)</rdfs:label>
    <skos:prefLabel xml:lang="ja">ゲームボーイアドバンス</skos:prefLabel>
    <skos:altLabel>Game Boy Advance</skos:altLabel>
    <skos:altLabel>GBA</skos:altLabel>
    <dcterms:issued rdf:datatype="http://purl.org/dc/terms/W3CDTF">2001-03-21</dcterms:issued>
    <rcgs:deviceImplimented rdf:resource="https://collection.rcgs.jp/resource/DEVICE0000196"/>
    <rcgs:deviceImplimented rdf:resource="https://collection.rcgs.jp/resource/DEVICE0000300"/>
    <rcgs:deviceImplimented rdf:resource="https://collection.rcgs.jp/resource/DEVICE0000301"/>
    <rcgs:deviceImplimented rdf:resource="https://collection.rcgs.jp/resource/DEVICE0000313"/>
    <rcgs:deviceImplimented rdf:resource="https://collection.rcgs.jp/resource/DEVICE0000366"/>
    <rdfs:seeAlso>https://ja.wikipedia.org/wiki/ゲームボーイアドバンス</rdfs:seeAlso>
    <schema:url>https://www.nintendo.co.jp/n08/hardware/gba/index.html</schema:url>
    <dcterms:source>https://ja.wikipedia.org/wiki/ゲームボーイアドバンス (accessed 2019-01-12)</dcterms:source>
    <dcterms:source>https://www.nintendo.co.jp/n08/hardware/gba/index.html (accessed 2019-02-13)</dcterms:source>
    <dcterms:source>https://en.wikipedia.org/wiki/Game_Boy_Advance (accessed 2019-01-12)</dcterms:source>
    <dcterms:source>DEVICE0000313</dcterms:source>
    <dcterms:source>https://www.mobygames.com/browse/games/gameboy-advance/ (accessed 2019-01-21)</dcterms:source>
  </rcgs:Platform>
  <rcgs:Platform rdf:about="https://collection.rcgs.jp/resource/PLATFORM0000050">
    <dcterms:title>スーパーファミコン (1990)</dcterms:title>
    <rdfs:label>スーパーファミコン (1990)</rdfs:label>
    <skos:prefLabel xml:lang="ja">スーパーファミコン</skos:prefLabel>
    <skos:altLabel>SUPER Famicom</skos:altLabel>
    <skos:altLabel>Super Nintendo Entertainment System</skos:altLabel>
    <skos:altLabel>SNES</skos:altLabel>
    <dcterms:issued rdf:datatype="http://purl.org/dc/terms/W3CDTF">1990-11-21</dcterms:issued>
    <rcgs:deviceImplimented rdf:resource="https://collection.rcgs.jp/resource/DEVICE0000235"/>
    <rdfs:seeAlso>https://ja.wikipedia.org/wiki/スーパーファミコン</rdfs:seeAlso>
    <dcterms:source>https://ja.wikipedia.org/wiki/スーパーファミコン (accessed 2019-01-12)</dcterms:source>
    <dcterms:source>https://www.nintendo.co.jp/n02/shvc/index.html (accessed 2019-01-12)</dcterms:source>
    <dcterms:source>https://en.wikipedia.org/wiki/Super_Nintendo_Entertainment_System (accessed 2019-01-12)</dcterms:source>
    <dcterms:source>DEVICE0000235</dcterms:source>
    <dcterms:source>https://www.mobygames.com/browse/games/snes/ (accessed 2019-01-21)</dcterms:source>
  </rcgs:Platform>
  <rcgs:Platform rdf:about="https://collection.rcgs.jp/resource/PLATFORM0000051">
    <dcterms:title>セガ・マスターシステム (1987)</dcterms:title>
    <rdfs:label>セガ・マスターシステム (1987)</rdfs:label>
    <skos:prefLabel xml:lang="ja">セガ・マスターシステム</skos:prefLabel>
    <skos:altLabel>Sega Master System</skos:altLabel>
    <skos:altLabel>セガ マスターシステム</skos:altLabel>
    <dcterms:issued rdf:datatype="http://purl.org/dc/terms/W3CDTF">1987-10-18</dcterms:issued>
    <rcgs:deviceImplimented rdf:resource="https://collection.rcgs.jp/resource/DEVICE0000325"/>
    <rdfs:seeAlso>https://ja.wikipedia.org/wiki/セガ・マスターシステム</rdfs:seeAlso>
    <dcterms:source>https://ja.wikipedia.org/wiki/セガ・マスターシステム (accessed 2019-01-12)</dcterms:source>
    <dcterms:source>https://en.wikipedia.org/wiki/Master_System (accessed 2019-01-12)</dcterms:source>
    <dcterms:source>DEVICE0000325</dcterms:source>
    <dcterms:source>https://www.mobygames.com/browse/games/sega-master-system/ (accessed 2019-01-21)</dcterms:source>
  </rcgs:Platform>
  <rcgs:Platform rdf:about="https://collection.rcgs.jp/resource/PLATFORM0000052">
    <dcterms:title>セガサターン (1994)</dcterms:title>
    <rdfs:label>セガサターン (1994)</rdfs:label>
    <skos:prefLabel xml:lang="ja">セガサターン</skos:prefLabel>
    <skos:altLabel>SEGA SATURN</skos:altLabel>
    <skos:altLabel>SS</skos:altLabel>
    <skos:altLabel>サターン</skos:altLabel>
    <dcterms:issued rdf:datatype="http://purl.org/dc/terms/W3CDTF">1994-11-22</dcterms:issued>
    <rcgs:deviceImplimented rdf:resource="https://collection.rcgs.jp/resource/DEVICE0000211"/>
    <rcgs:deviceImplimented rdf:resource="https://collection.rcgs.jp/resource/DEVICE0000218"/>
    <rcgs:deviceImplimented rdf:resource="https://collection.rcgs.jp/resource/DEVICE0000369"/>
    <rdfs:seeAlso>https://ja.wikipedia.org/wiki/セガサターン </rdfs:seeAlso>
    <dcterms:source>Wikipedia. https://ja.wikipedia.org/wiki/セガサターン  (accessed 2019-01-21)</dcterms:source>
    <dcterms:source>DEVICE0000211</dcterms:source>
    <dcterms:source>Wikipedia. https://en.wikipedia.org/wiki/Sega_Saturn  (accessed 2019-01-21)</dcterms:source>
    <dcterms:source>https://sega.jp/history/hard/segasaturn/index.html (accessed 2019-01-21)</dcterms:source>
    <dcterms:source>https://www.mobygames.com/browse/games/sega-saturn (accessed 2019-01-21)</dcterms:source>
  </rcgs:Platform>
  <rcgs:Platform rdf:about="https://collection.rcgs.jp/resource/PLATFORM0000054">
    <dcterms:title>ドリームキャスト (1998)</dcterms:title>
    <rdfs:label>ドリームキャスト (1998)</rdfs:label>
    <skos:prefLabel xml:lang="ja">ドリームキャスト</skos:prefLabel>
    <skos:altLabel>Dreamcast</skos:altLabel>
    <skos:altLabel>DC</skos:altLabel>
    <skos:altLabel>ドリキャス</skos:altLabel>
    <dcterms:issued rdf:datatype="http://purl.org/dc/terms/W3CDTF">1998-11-27</dcterms:issued>
    <rcgs:deviceImplimented rdf:resource="https://collection.rcgs.jp/resource/DEVICE0000224"/>
    <rcgs:deviceImplimented rdf:resource="https://collection.rcgs.jp/resource/DEVICE0000318"/>
    <rcgs:deviceImplimented rdf:resource="https://collection.rcgs.jp/resource/DEVICE0000319"/>
    <rcgs:deviceImplimented rdf:resource="https://collection.rcgs.jp/resource/DEVICE0000320"/>
    <rcgs:deviceImplimented rdf:resource="https://collection.rcgs.jp/resource/DEVICE0000360"/>
    <rdfs:seeAlso>https://ja.wikipedia.org/wiki/ドリームキャスト</rdfs:seeAlso>
    <dcterms:source>https://ja.wikipedia.org/wiki/ドリームキャスト (accessed 2019-01-12)</dcterms:source>
    <dcterms:source>https://en.wikipedia.org/wiki/Dreamcast (accessed 2019-01-12)</dcterms:source>
    <dcterms:source>https://sega.jp/history/hard/dreamcast/index.html (accessed 2019-01-12)</dcterms:source>
    <dcterms:source>DEVICE0000224</dcterms:source>
    <dcterms:source>https://www.mobygames.com/browse/games/dreamcast/ (accessed 2019-01-21)</dcterms:source>
  </rcgs:Platform>
  <rcgs:Platform rdf:about="https://collection.rcgs.jp/resource/PLATFORM0000055">
    <dcterms:title>ニンテンドー3DS (2011)</dcterms:title>
    <rdfs:label>ニンテンドー3DS (2011)</rdfs:label>
    <skos:prefLabel xml:lang="ja">ニンテンドー3DS</skos:prefLabel>
    <skos:altLabel>Nintendo 3DS</skos:altLabel>
    <dcterms:issued rdf:datatype="http://purl.org/dc/terms/W3CDTF">2011-02-26</dcterms:issued>
    <rcgs:deviceImplimented rdf:resource="https://collection.rcgs.jp/resource/DEVICE0000202"/>
    <rcgs:deviceImplimented rdf:resource="https://collection.rcgs.jp/resource/DEVICE0000304"/>
    <rdfs:seeAlso>https://ja.wikipedia.org/wiki/ニンテンドー3DS </rdfs:seeAlso>
    <dcterms:source>https://ja.wikipedia.org/wiki/ニンテンドー3DS (accessed 2019-01-12)</dcterms:source>
    <dcterms:source>https://en.wikipedia.org/wiki/Nintendo_3DS (accessed 2019-01-12)</dcterms:source>
    <dcterms:source>DEVICE0000202</dcterms:source>
    <dcterms:source>https://www.mobygames.com/browse/games/3ds/ (accessed 2019-01-21)</dcterms:source>
  </rcgs:Platform>
  <rcgs:Platform rdf:about="https://collection.rcgs.jp/resource/PLATFORM0000056">
    <dcterms:title>ニンテンドーDS (2004)</dcterms:title>
    <rdfs:label>ニンテンドーDS (2004)</rdfs:label>
    <skos:prefLabel xml:lang="ja">ニンテンドーDS</skos:prefLabel>
    <skos:altLabel>Nintendo DS</skos:altLabel>
    <skos:altLabel>DS</skos:altLabel>
    <dcterms:issued rdf:datatype="http://purl.org/dc/terms/W3CDTF">2004-11-21</dcterms:issued>
    <rcgs:deviceImplimented rdf:resource="https://collection.rcgs.jp/resource/DEVICE0000200"/>
    <rcgs:deviceImplimented rdf:resource="https://collection.rcgs.jp/resource/DEVICE0000201"/>
    <rcgs:deviceImplimented rdf:resource="https://collection.rcgs.jp/resource/DEVICE0000210"/>
    <rcgs:deviceImplimented rdf:resource="https://collection.rcgs.jp/resource/DEVICE0000305"/>
    <rcgs:deviceImplimented rdf:resource="https://collection.rcgs.jp/resource/DEVICE0000306"/>
    <rdfs:seeAlso>https://ja.wikipedia.org/wiki/ニンテンドーDS</rdfs:seeAlso>
    <schema:url>https://www.nintendo.co.jp/ds/</schema:url>
    <dcterms:source>https://ja.wikipedia.org/wiki/ニンテンドーDS (accessed 2019-01-12)</dcterms:source>
    <dcterms:source>https://en.wikipedia.org/wiki/Nintendo_DS (accessed 2019-01-12)</dcterms:source>
    <dcterms:source>DEVICE0000306</dcterms:source>
    <dcterms:source>https://www.mobygames.com/browse/games/nintendo-ds/ (accessed 2019-01-20)</dcterms:source>
  </rcgs:Platform>
  <rcgs:Platform rdf:about="https://collection.rcgs.jp/resource/PLATFORM0000057">
    <dcterms:title>ニンテンドーゲームキューブ (2001)</dcterms:title>
    <rdfs:label>ニンテンドーゲームキューブ (2001)</rdfs:label>
    <skos:prefLabel xml:lang="ja">ニンテンドーゲームキューブ</skos:prefLabel>
    <skos:altLabel>NINTENDO GAMECUBE</skos:altLabel>
    <skos:altLabel>ゲームキューブ</skos:altLabel>
    <skos:altLabel>GC</skos:altLabel>
    <dcterms:issued rdf:datatype="http://purl.org/dc/terms/W3CDTF">2001-09-14</dcterms:issued>
    <rcgs:deviceImplimented rdf:resource="https://collection.rcgs.jp/resource/DEVICE0000221"/>
    <rcgs:deviceImplimented rdf:resource="https://collection.rcgs.jp/resource/DEVICE0000233"/>
    <rdfs:seeAlso>https://ja.wikipedia.org/wiki/ニンテンドーゲームキューブ</rdfs:seeAlso>
    <dcterms:source>https://ja.wikipedia.org/wiki/ニンテンドーゲームキューブ (accessed 2019-01-12)</dcterms:source>
    <dcterms:source>https://en.wikipedia.org/wiki/GameCube (accessed 2019-01-12)</dcterms:source>
    <dcterms:source>https://www.mobygames.com/browse/games/gamecube/ (accessed 2019-01-21)</dcterms:source>
  </rcgs:Platform>
  <rcgs:Platform rdf:about="https://collection.rcgs.jp/resource/PLATFORM0000058">
    <dcterms:title>ネオジオ (1990)</dcterms:title>
    <rdfs:label>ネオジオ (1990)</rdfs:label>
    <skos:prefLabel xml:lang="ja">ネオジオ</skos:prefLabel>
    <skos:altLabel>NEOGEO</skos:altLabel>
    <skos:altLabel>NEO・GEO</skos:altLabel>
    <dcterms:issued rdf:datatype="http://purl.org/dc/terms/W3CDTF">1990</dcterms:issued>
    <rdfs:seeAlso>https://ja.wikipedia.org/wiki/ネオジオ</rdfs:seeAlso>
    <skos:note>公開日 ; 業務用は、1990年、家庭用は1991年である。</skos:note>
    <dcterms:source>https://ja.wikipedia.org/wiki/ネオジオ (accessed 2019-01-12)</dcterms:source>
    <dcterms:source>https://en.wikipedia.org/wiki/Neo_Geo (accessed 2019-01-12)</dcterms:source>
    <dcterms:source>https://www.mobygames.com/browse/games/neo-geo/ (accessed 2019-01-21)</dcterms:source>
  </rcgs:Platform>
  <rcgs:Platform rdf:about="https://collection.rcgs.jp/resource/PLATFORM0000059">
    <dcterms:title>ネオジオCD (1994)</dcterms:title>
    <rdfs:label>ネオジオCD (1994)</rdfs:label>
    <skos:prefLabel xml:lang="ja">ネオジオCD</skos:prefLabel>
    <skos:altLabel>NGCD</skos:altLabel>
    <skos:altLabel>NEOGEO CD</skos:altLabel>
    <dcterms:issued rdf:datatype="http://purl.org/dc/terms/W3CDTF">1994-09-09</dcterms:issued>
    <rcgs:deviceImplimented rdf:resource="https://collection.rcgs.jp/resource/DEVICE0000343"/>
    <rdfs:seeAlso>https://ja.wikipedia.org/wiki/ネオジオCD </rdfs:seeAlso>
    <dcterms:source>https://ja.wikipedia.org/wiki/ネオジオCD  (accessed 2019-01-21)</dcterms:source>
    <dcterms:source>https://www.snk-corp.co.jp/ (accessed 2019-01-21)</dcterms:source>
    <dcterms:source>DEVICE0000343</dcterms:source>
    <dcterms:source>https://www.mobygames.com/browse/games/neo-geo-cd/ (accessed 2019-01-21)</dcterms:source>
  </rcgs:Platform>
  <rcgs:Platform rdf:about="https://collection.rcgs.jp/resource/PLATFORM0000060">
    <dcterms:title>ネオジオポケット (1998)</dcterms:title>
    <rdfs:label>ネオジオポケット (1998)</rdfs:label>
    <skos:prefLabel xml:lang="ja">ネオジオポケット</skos:prefLabel>
    <skos:altLabel>NEOGEO POCKET</skos:altLabel>
    <dcterms:issued rdf:datatype="http://purl.org/dc/terms/W3CDTF">1998-10-28</dcterms:issued>
    <rcgs:deviceImplimented rdf:resource="https://collection.rcgs.jp/resource/DEVICE0000303"/>
    <rdfs:seeAlso>https://ja.wikipedia.org/wiki/ネオジオポケット</rdfs:seeAlso>
    <dcterms:source>https://ja.wikipedia.org/wiki/ネオジオポケット (accessed 2019-01-12)</dcterms:source>
    <dcterms:source>http://neogeo.freeplaytech.com/np/hard/index.html (accessed 2019-01-12)</dcterms:source>
    <dcterms:source>DEVICE0000303</dcterms:source>
  </rcgs:Platform>
  <rcgs:Platform rdf:about="https://collection.rcgs.jp/resource/PLATFORM0000062">
    <dcterms:title>バーチャルボーイ (1995)</dcterms:title>
    <rdfs:label>バーチャルボーイ (1995)</rdfs:label>
    <skos:prefLabel xml:lang="ja">バーチャルボーイ</skos:prefLabel>
    <skos:altLabel>VIRTUAL BOY</skos:altLabel>
    <skos:altLabel>VB</skos:altLabel>
    <dcterms:issued rdf:datatype="http://purl.org/dc/terms/W3CDTF">1995-07-21</dcterms:issued>
    <rcgs:deviceImplimented rdf:resource="https://collection.rcgs.jp/resource/DEVICE0000216"/>
    <rdfs:seeAlso>https://ja.wikipedia.org/wiki/バーチャルボーイ</rdfs:seeAlso>
    <schema:url>https://www.nintendo.co.jp/n09/vue/index.html</schema:url>
    <dcterms:source>https://ja.wikipedia.org/wiki/バーチャルボーイ (accessed 2019-01-12)</dcterms:source>
    <dcterms:source>https://www.nintendo.co.jp/n09/vue/index.html (accessed 2019-01-12)</dcterms:source>
    <dcterms:source>DEVICE0000216</dcterms:source>
  </rcgs:Platform>
  <rcgs:Platform rdf:about="https://collection.rcgs.jp/resource/PLATFORM0000063">
    <dcterms:title>ファミリーコンピュータ (1983)</dcterms:title>
    <rdfs:label>ファミリーコンピュータ (1983)</rdfs:label>
    <skos:prefLabel xml:lang="ja">ファミリーコンピュータ</skos:prefLabel>
    <skos:altLabel>Family Computer</skos:altLabel>
    <skos:altLabel>ファミコン</skos:altLabel>
    <skos:altLabel>FC</skos:altLabel>
    <dcterms:issued rdf:datatype="http://purl.org/dc/terms/W3CDTF">1983-07-15</dcterms:issued>
    <rcgs:deviceImplimented rdf:resource="https://collection.rcgs.jp/resource/DEVICE0000192"/>
    <rcgs:deviceImplimented rdf:resource="https://collection.rcgs.jp/resource/DEVICE0000365"/>
    <rcgs:deviceImplimented rdf:resource="https://collection.rcgs.jp/resource/DEVICE0000279"/>
    <rcgs:deviceImplimented rdf:resource="https://collection.rcgs.jp/resource/DEVICE0000333"/>
    <rdfs:seeAlso>https://ja.wikipedia.org/wiki/ファミリーコンピュータ</rdfs:seeAlso>
    <dcterms:source>Wikipedia. https://ja.wikipedia.org/wiki/ファミリーコンピュータ (accessed 2019-01-12)</dcterms:source>
    <dcterms:source>DEVICE0000192</dcterms:source>
  </rcgs:Platform>
  <rcgs:Platform rdf:about="https://collection.rcgs.jp/resource/PLATFORM0000064">
    <dcterms:title>プレイステーション (1994)</dcterms:title>
    <rdfs:label>プレイステーション (1994)</rdfs:label>
    <skos:prefLabel xml:lang="ja">プレイステーション</skos:prefLabel>
    <skos:altLabel>PlayStation</skos:altLabel>
    <skos:altLabel>PS</skos:altLabel>
    <skos:altLabel>PS1</skos:altLabel>
    <dcterms:issued rdf:datatype="http://purl.org/dc/terms/W3CDTF">1994-12-03</dcterms:issued>
    <rcgs:deviceImplimented rdf:resource="https://collection.rcgs.jp/resource/DEVICE0000198"/>
    <rdfs:seeAlso>https://ja.wikipedia.org/wiki/PlayStation_(ゲーム機)</rdfs:seeAlso>
    <dcterms:source>https://ja.wikipedia.org/wiki/PlayStation_(ゲーム機) (accessed 2019-01-12)</dcterms:source>
    <dcterms:source>https://www.jp.playstation.com/psn/store/gamestore/archives/ (accessed 2019-01-12)</dcterms:source>
    <dcterms:source>DEVICE0000198</dcterms:source>
    <dcterms:source>https://www.mobygames.com/browse/games/playstation/ (accessed 2019-01-21)</dcterms:source>
  </rcgs:Platform>
  <rcgs:Platform rdf:about="https://collection.rcgs.jp/resource/PLATFORM0000065">
    <dcterms:title>プレイステーション Now (2015)</dcterms:title>
    <rdfs:label>プレイステーション Now (2015)</rdfs:label>
    <skos:prefLabel xml:lang="ja">プレイステーション Now</skos:prefLabel>
    <skos:altLabel>PlayStation Now</skos:altLabel>
    <skos:altLabel>プレイステーション ナウ</skos:altLabel>
    <skos:altLabel>PS Now</skos:altLabel>
    <dcterms:issued rdf:datatype="http://purl.org/dc/terms/W3CDTF">2015-01-13</dcterms:issued>
    <rdfs:seeAlso>https://ja.wikipedia.org/wiki/PlayStation_Now</rdfs:seeAlso>
    <schema:url>https://www.jp.playstation.com/psn/playstation-now/</schema:url>
    <dcterms:source>https://ja.wikipedia.org/wiki/PlayStation_Now (accessed 2019-01-12)</dcterms:source>
    <dcterms:source>https://www.jp.playstation.com/psn/playstation-now/ (accessed 2019-01-12)</dcterms:source>
  </rcgs:Platform>
  <rcgs:Platform rdf:about="https://collection.rcgs.jp/resource/PLATFORM0000066">
    <dcterms:title>プレイステーション Vita (2011)</dcterms:title>
    <rdfs:label>プレイステーション Vita (2011)</rdfs:label>
    <skos:prefLabel xml:lang="ja">プレイステーション Vita</skos:prefLabel>
    <skos:altLabel>プレイステーション・ヴィータ</skos:altLabel>
    <skos:altLabel>PlayStation Vita</skos:altLabel>
    <skos:altLabel>PS Vita</skos:altLabel>
    <dcterms:issued rdf:datatype="http://purl.org/dc/terms/W3CDTF">2011-12-17</dcterms:issued>
    <rcgs:deviceImplimented rdf:resource="https://collection.rcgs.jp/resource/DEVICE0000314"/>
    <rdfs:seeAlso>https://ja.wikipedia.org/wiki/PlayStation_Vita</rdfs:seeAlso>
    <schema:url>https://www.jp.playstation.com/psvita/</schema:url>
    <dcterms:source>https://ja.wikipedia.org/wiki/PlayStation_Vita (accessed 2019-01-12)</dcterms:source>
    <dcterms:source>https://www.jp.playstation.com/psvita/ (accessed 2019-01-12)</dcterms:source>
    <dcterms:source>DEVICE0000314</dcterms:source>
    <dcterms:source>https://www.mobygames.com/browse/games/ps-vita/ (accessed 2019-01-21)</dcterms:source>
  </rcgs:Platform>
  <rcgs:Platform rdf:about="https://collection.rcgs.jp/resource/PLATFORM0000067">
    <dcterms:title>プレイステーション・ポータブル (2004)</dcterms:title>
    <rdfs:label>プレイステーション・ポータブル (2004)</rdfs:label>
    <skos:prefLabel xml:lang="ja">プレイステーション・ポータブル</skos:prefLabel>
    <skos:altLabel>PlayStation Portable</skos:altLabel>
    <skos:altLabel>PSP</skos:altLabel>
    <dcterms:issued rdf:datatype="http://purl.org/dc/terms/W3CDTF">2004-12-12</dcterms:issued>
    <rcgs:deviceImplimented rdf:resource="https://collection.rcgs.jp/resource/DEVICE0000222"/>
    <rcgs:deviceImplimented rdf:resource="https://collection.rcgs.jp/resource/DEVICE0000312"/>
    <rdfs:seeAlso>https://ja.wikipedia.org/wiki/PlayStation_Portable</rdfs:seeAlso>
    <schema:url>https://www.jp.playstation.com/psp/</schema:url>
    <dcterms:source>https://ja.wikipedia.org/wiki/PlayStation_Portable (accessed 2019-01-21)</dcterms:source>
    <dcterms:source>https://www.jp.playstation.com/psp/index.html (accessed 2019-01-21)</dcterms:source>
    <dcterms:source>DEVICE0000222</dcterms:source>
    <dcterms:source>https://www.mobygames.com/browse/games/psp/ (accessed 2019-01-21)</dcterms:source>
  </rcgs:Platform>
  <rcgs:Platform rdf:about="https://collection.rcgs.jp/resource/PLATFORM0000068">
    <dcterms:title>プレイステーション2 (2000)</dcterms:title>
    <rdfs:label>プレイステーション2 (2000)</rdfs:label>
    <skos:prefLabel xml:lang="ja">プレイステーション2</skos:prefLabel>
    <skos:altLabel>PlayStation 2</skos:altLabel>
    <skos:altLabel>プレイステーションツー</skos:altLabel>
    <skos:altLabel>PS2</skos:altLabel>
    <dcterms:issued rdf:datatype="http://purl.org/dc/terms/W3CDTF">2000-03-04</dcterms:issued>
    <rcgs:deviceImplimented rdf:resource="https://collection.rcgs.jp/resource/DEVICE0000194"/>
    <rcgs:deviceImplimented rdf:resource="https://collection.rcgs.jp/resource/DEVICE0000231"/>
    <rcgs:deviceImplimented rdf:resource="https://collection.rcgs.jp/resource/DEVICE0000290"/>
    <rcgs:deviceImplimented rdf:resource="https://collection.rcgs.jp/resource/DEVICE0000326"/>
    <rdfs:seeAlso>https://ja.wikipedia.org/wiki/PlayStation_2</rdfs:seeAlso>
    <schema:url>https://www.jp.playstation.com/ps2/</schema:url>
    <dcterms:source>https://ja.wikipedia.org/wiki/PlayStation_2 (accessed 2019-01-12)</dcterms:source>
    <dcterms:source>https://www.jp.playstation.com/ps2/ (accessed 2019-01-12)</dcterms:source>
    <dcterms:source>DEVICE0000194</dcterms:source>
    <dcterms:source>https://www.mobygames.com/browse/games/ps2/(accessed 2019-01-21)</dcterms:source>
  </rcgs:Platform>
  <rcgs:Platform rdf:about="https://collection.rcgs.jp/resource/PLATFORM0000069">
    <dcterms:title>プレイステーション3 (2006)</dcterms:title>
    <rdfs:label>プレイステーション3 (2006)</rdfs:label>
    <skos:prefLabel xml:lang="ja">プレイステーション3</skos:prefLabel>
    <skos:altLabel>PlayStation 3</skos:altLabel>
    <skos:altLabel>プレイステーションスリー</skos:altLabel>
    <skos:altLabel>PS3</skos:altLabel>
    <dcterms:issued rdf:datatype="http://purl.org/dc/terms/W3CDTF">2006-11-11</dcterms:issued>
    <rcgs:deviceImplimented rdf:resource="https://collection.rcgs.jp/resource/DEVICE0000208"/>
    <rcgs:deviceImplimented rdf:resource="https://collection.rcgs.jp/resource/DEVICE0000292"/>
    <rdfs:seeAlso>https://ja.wikipedia.org/wiki/PlayStation_3</rdfs:seeAlso>
    <schema:url>https://www.jp.playstation.com/ps3/</schema:url>
    <dcterms:source>https://ja.wikipedia.org/wiki/PlayStation_3 (accessed 2019-01-12)</dcterms:source>
    <dcterms:source>https://www.jp.playstation.com/ps3/ (accessed 2019-01-12)</dcterms:source>
    <dcterms:source>DEVICE0000208</dcterms:source>
    <dcterms:source>http://www.mobygames.com/browse/games/ps3/ (accessed 2019-01-21)</dcterms:source>
  </rcgs:Platform>
  <rcgs:Platform rdf:about="https://collection.rcgs.jp/resource/PLATFORM0000070">
    <dcterms:title>プレイステーション4 (2013)</dcterms:title>
    <rdfs:label>プレイステーション4 (2013)</rdfs:label>
    <skos:prefLabel xml:lang="ja">プレイステーション4</skos:prefLabel>
    <skos:altLabel>PlayStation 4</skos:altLabel>
    <skos:altLabel>PS4</skos:altLabel>
    <skos:altLabel>プレイステーションフォー</skos:altLabel>
    <dcterms:issued rdf:datatype="http://purl.org/dc/terms/W3CDTF">2013-11-15</dcterms:issued>
    <rcgs:deviceImplimented rdf:resource="https://collection.rcgs.jp/resource/DEVICE0000291"/>
    <rdfs:seeAlso>https://ja.wikipedia.org/wiki/PlayStation_4</rdfs:seeAlso>
    <schema:url>https://www.jp.playstation.com/ps4/</schema:url>
    <dcterms:source>https://ja.wikipedia.org/wiki/PlayStation_4 (accessed 2019-01-21)</dcterms:source>
    <dcterms:source>https://www.jp.playstation.com/ps4/ (accessed 2019-01-21)</dcterms:source>
    <dcterms:source>DEVICE0000291</dcterms:source>
    <dcterms:source>https://www.mobygames.com/browse/games/playstation-4/ (accessed 2019-01-21)</dcterms:source>
  </rcgs:Platform>
  <rcgs:Platform rdf:about="https://collection.rcgs.jp/resource/PLATFORM0000072">
    <dcterms:title>メガドライブ (1988)</dcterms:title>
    <rdfs:label>メガドライブ (1988)</rdfs:label>
    <skos:prefLabel xml:lang="ja">メガドライブ</skos:prefLabel>
    <skos:altLabel>MEGA DRIVE</skos:altLabel>
    <dcterms:issued rdf:datatype="http://purl.org/dc/terms/W3CDTF">1988-10-29</dcterms:issued>
    <rcgs:deviceImplimented rdf:resource="https://collection.rcgs.jp/resource/DEVICE0000212"/>
    <rcgs:deviceImplimented rdf:resource="https://collection.rcgs.jp/resource/DEVICE0000232"/>
    <rcgs:deviceImplimented rdf:resource="https://collection.rcgs.jp/resource/DEVICE0000334"/>
    <rcgs:deviceImplimented rdf:resource="https://collection.rcgs.jp/resource/DEVICE0000337"/>
    <rdfs:seeAlso>https://ja.wikipedia.org/wiki/メガドライブ</rdfs:seeAlso>
    <dcterms:source>https://ja.wikipedia.org/wiki/メガドライブ (accessed 2019-01-12)</dcterms:source>
    <dcterms:source>https://sega.jp/history/hard/megadrive/index.html (accessed 2019-01-12)</dcterms:source>
    <dcterms:source>DEVICE0000232</dcterms:source>
  </rcgs:Platform>
  <rcgs:Platform rdf:about="https://collection.rcgs.jp/resource/PLATFORM0000073">
    <dcterms:title>ワンダースワン (1999)</dcterms:title>
    <rdfs:label>ワンダースワン (1999)</rdfs:label>
    <skos:prefLabel xml:lang="ja">ワンダースワン</skos:prefLabel>
    <skos:altLabel>WonderSwan</skos:altLabel>
    <dcterms:issued rdf:datatype="http://purl.org/dc/terms/W3CDTF">1999-03-04</dcterms:issued>
    <rcgs:deviceImplimented rdf:resource="https://collection.rcgs.jp/resource/DEVICE0000195"/>
    <rcgs:deviceImplimented rdf:resource="https://collection.rcgs.jp/resource/DEVICE0000308"/>
    <rcgs:deviceImplimented rdf:resource="https://collection.rcgs.jp/resource/DEVICE0000364"/>
    <rdfs:seeAlso>https://ja.wikipedia.org/wiki/ワンダースワン</rdfs:seeAlso>
    <dcterms:source>Wikipedia. https://ja.wikipedia.org/wiki/ワンダースワン (accessed 2019-01-12)</dcterms:source>
    <dcterms:source>DEVICE0000364</dcterms:source>
    <dcterms:source>Wikipedia. https://ja.wikipedia.org/wiki/スワンクリスタル (accessed 2018-02-13)</dcterms:source>
  </rcgs:Platform>
  <rcgs:Platform rdf:about="https://collection.rcgs.jp/resource/PLATFORM0000075">
    <dcterms:title>3DO (1993)</dcterms:title>
    <rdfs:label>3DO (1993)</rdfs:label>
    <skos:prefLabel xml:lang="ja">3DO</skos:prefLabel>
    <skos:altLabel>3DO Interactive Multiplayer</skos:altLabel>
    <skos:altLabel>スリーディーオー</skos:altLabel>
    <dcterms:issued rdf:datatype="http://purl.org/dc/terms/W3CDTF">1993</dcterms:issued>
    <rcgs:deviceImplimented rdf:resource="https://collection.rcgs.jp/resource/DEVICE0000342"/>
    <rdfs:seeAlso>https://ja.wikipedia.org/wiki/3DO</rdfs:seeAlso>
    <dcterms:source>https://ja.wikipedia.org/wiki/3DO (accessed 2019-01-21)</dcterms:source>
    <dcterms:source>https://en.wikipedia.org/wiki/3DO_Interactive_Multiplayer (accessed 2019-01-21)</dcterms:source>
    <dcterms:source>DEVICE0000342</dcterms:source>
    <dcterms:source>https://www.mobygames.com/browse/games/3do/  (accessed 2019-01-21)</dcterms:source>
  </rcgs:Platform>
  <rcgs:Platform rdf:about="https://collection.rcgs.jp/resource/PLATFORM0000076">
    <dcterms:title>Super Nintendo Entertainment System (1985)</dcterms:title>
    <rdfs:label>Super Nintendo Entertainment System (1985)</rdfs:label>
    <skos:prefLabel xml:lang="ja">Super Nintendo Entertainment System</skos:prefLabel>
    <skos:altLabel>SNES</skos:altLabel>
    <skos:altLabel>Super NES</skos:altLabel>
    <skos:altLabel>ニンテンドーエンターテインメントシステム</skos:altLabel>
    <dcterms:issued rdf:datatype="http://purl.org/dc/terms/W3CDTF">1985</dcterms:issued>
    <rdfs:seeAlso>https://ja.wikipedia.org/wiki/Nintendo_Entertainment_System</rdfs:seeAlso>
    <dcterms:source>SUPER NINTENDO ENTERTAINMENT SYSTEM CONSUMER INFORMATION AND PRECAUTIONS BOOKLET / Nintendo of America Inc., p.1</dcterms:source>
    <dcterms:source>https://ja.wikipedia.org/wiki/Nintendo_Entertainment_System (accessed 2019-01-12)</dcterms:source>
    <dcterms:source>https://www.mobygames.com/browse/games/snes/ (accessed 2019-01-20)</dcterms:source>
  </rcgs:Platform>
  <rcgs:Platform rdf:about="https://collection.rcgs.jp/resource/PLATFORM0000078">
    <dcterms:title>カセットビジョンJr. (1983)</dcterms:title>
    <rdfs:label>カセットビジョンJr. (1983)</rdfs:label>
    <skos:prefLabel xml:lang="ja">カセットビジョンJr.</skos:prefLabel>
    <skos:altLabel>カセットビジョンジュニア</skos:altLabel>
    <dcterms:issued rdf:datatype="http://purl.org/dc/terms/W3CDTF">1983-07-19</dcterms:issued>
    <rcgs:deviceImplimented rdf:resource="https://collection.rcgs.jp/resource/DEVICE0000346"/>
    <dcterms:source>カセットビジョンJr. 取り扱い説明書 / エポック社</dcterms:source>
    <dcterms:source>https://ja.wikipedia.org/wiki/カセットビジョン (accessed 2018-12-06)</dcterms:source>
    <dcterms:source>https://en.wikipedia.org/wiki/Cassette_Vision (accessed 2019-01-12)</dcterms:source>
    <dcterms:source>DEVICE0000346</dcterms:source>
  </rcgs:Platform>
  <rcgs:Platform rdf:about="https://collection.rcgs.jp/resource/PLATFORM0000079">
    <dcterms:title>スーパーカセットビジョン (1984)</dcterms:title>
    <rdfs:label>スーパーカセットビジョン (1984)</rdfs:label>
    <skos:prefLabel xml:lang="ja">スーパーカセットビジョン</skos:prefLabel>
    <skos:altLabel>Super Cassette Vision</skos:altLabel>
    <dcterms:issued rdf:datatype="http://purl.org/dc/terms/W3CDTF">1984-07-17</dcterms:issued>
    <rcgs:deviceImplimented rdf:resource="https://collection.rcgs.jp/resource/DEVICE0000350"/>
    <rdfs:seeAlso>https://ja.wikipedia.org/wiki/スーパーカセットビジョン</rdfs:seeAlso>
    <dcterms:source>スーパーカセットビジョン 取り扱い説明書 / エポック社</dcterms:source>
    <dcterms:source>DEVICE0000350</dcterms:source>
    <dcterms:source>https://ja.wikipedia.org/wiki/スーパーカセットビジョン (accessed 2019-01-12)</dcterms:source>
  </rcgs:Platform>
  <rcgs:Platform rdf:about="https://collection.rcgs.jp/resource/PLATFORM0000080">
    <dcterms:title>Playdia (1994)</dcterms:title>
    <rdfs:label>Playdia (1994)</rdfs:label>
    <skos:prefLabel xml:lang="ja">Playdia</skos:prefLabel>
    <skos:altLabel>プレイディア</skos:altLabel>
    <dcterms:publisher rdf:resource="AGENT0000474"/>
    <dcterms:issued rdf:datatype="http://purl.org/dc/terms/W3CDTF">1994-09-23</dcterms:issued>
    <rcgs:deviceImplimented rdf:resource="https://collection.rcgs.jp/resource/DEVICE0000351"/>
    <rdfs:seeAlso>https://ja.wikipedia.org/wiki/プレイディア</rdfs:seeAlso>
    <dcterms:source>Playdia 取扱い説明書 / バンダイ</dcterms:source>
    <dcterms:source>DEVICE0000351</dcterms:source>
    <dcterms:source>https://ja.wikipedia.org/wiki/プレイディア (accessed 2019-01-12)</dcterms:source>
    <dcterms:source>https://ja.wikipedia.org/wiki/プレイディア (accessed 2019-01-20)</dcterms:source>
  </rcgs:Platform>
  <rcgs:Platform rdf:about="https://collection.rcgs.jp/resource/PLATFORM0000081">
    <dcterms:title>ATARI 7800 (1984)</dcterms:title>
    <rdfs:label>ATARI 7800 (1984)</rdfs:label>
    <skos:prefLabel xml:lang="ja">ATARI 7800</skos:prefLabel>
    <dcterms:issued rdf:datatype="http://purl.org/dc/terms/W3CDTF">1984</dcterms:issued>
    <dcterms:source>https://ja.wikipedia.org/wiki/Amstrad_CPC (accessed 2019-01-23)</dcterms:source>
    <dcterms:source>PACKAGE0008682</dcterms:source>
  </rcgs:Platform>
  <rcgs:Platform rdf:about="https://collection.rcgs.jp/resource/PLATFORM0000082">
    <dcterms:title>Amstrad CPC</dcterms:title>
    <rdfs:label>Amstrad CPC</rdfs:label>
    <skos:prefLabel xml:lang="ja">Amstrad CPC</skos:prefLabel>
  </rcgs:Platform>
  <rcgs:Platform rdf:about="https://collection.rcgs.jp/resource/PLATFORM0000083">
    <dcterms:title>64DD (1999)</dcterms:title>
    <rdfs:label>64DD (1999)</rdfs:label>
    <skos:prefLabel xml:lang="ja">64DD</skos:prefLabel>
    <skos:altLabel>64 Disk Drive</skos:altLabel>
    <dcterms:issued rdf:datatype="http://purl.org/dc/terms/W3CDTF">1999</dcterms:issued>
    <rcgs:deviceImplimented rdf:resource="https://collection.rcgs.jp/resource/DEVICE0000353"/>
    <rdfs:seeAlso>https://ja.wikipedia.org/wiki/64DD</rdfs:seeAlso>
    <dcterms:source>PACKAGE0015528</dcterms:source>
    <dcterms:source>https://ja.wikipedia.org/wiki/64DD</dcterms:source>
    <dcterms:source>https://ksnk.jp/ddlab/</dcterms:source>
    <dcterms:source>DEVICE0000353</dcterms:source>
  </rcgs:Platform>
  <rcgs:Platform rdf:about="https://collection.rcgs.jp/resource/PLATFORM0000084">
    <dcterms:title>ピピンアットマーク (1996)</dcterms:title>
    <rdfs:label>ピピンアットマーク (1996)</rdfs:label>
    <skos:prefLabel xml:lang="ja">ピピンアットマーク</skos:prefLabel>
    <skos:altLabel>PiPPiN atmark</skos:altLabel>
    <skos:altLabel>Pippin @</skos:altLabel>
    <skos:altLabel>Apple Bandai Pippin</skos:altLabel>
    <dcterms:publisher rdf:resource="AGENT0000474"/>
    <dcndl:location>東京都台東区</dcndl:location>
    <dcterms:issued rdf:datatype="http://purl.org/dc/terms/W3CDTF">1996</dcterms:issued>
    <rdfs:seeAlso>https://ja.wikipedia.org/wiki/ピピンアットマーク</rdfs:seeAlso>
    <dcterms:source>Wikipedia. https://ja.wikipedia.org/wiki/ピピンアットマーク (accessed 2019-09-12)</dcterms:source>
    <dcterms:source>https://www.wikidata.org/wiki/Q621312</dcterms:source>
  </rcgs:Platform>
  <rcgs:Platform rdf:about="https://collection.rcgs.jp/resource/PLATFORM0000085">
    <dcterms:title>キッズコンピュータ・ピコ (1993)</dcterms:title>
    <rdfs:label>キッズコンピュータ・ピコ (1993)</rdfs:label>
    <skos:prefLabel xml:lang="ja">キッズコンピュータ・ピコ</skos:prefLabel>
    <skos:altLabel>ピコ</skos:altLabel>
    <skos:altLabel>PICO</skos:altLabel>
    <dcterms:publisher rdf:resource="AGENT0000850"/>
    <dcndl:location>東京都大田区</dcndl:location>
    <dcterms:issued rdf:datatype="http://purl.org/dc/terms/W3CDTF">1993</dcterms:issued>
    <rdfs:seeAlso>https://ja.wikipedia.org/wiki/キッズコンピュータ・ピコ</rdfs:seeAlso>
    <dcterms:source>PACKAGE0020304</dcterms:source>
    <dcterms:source>https://ja.wikipedia.org/wiki/キッズコンピュータ・ピコ (accessed 2019-09-13)</dcterms:source>
  </rcgs:Platform>
</rdf:RDF>
